Product_Name,Selling_Price,MRP,Discount,Brand,Model,Battery_Life,Driver_Size,Bluetooth_Version,Connectivity,Type,Mic,Colour,URL
"boAt Rockerz 411 (2025 Launch), 40Ms Low Latency, 40Hrs Battery, 40Mm Drivers, Enx Tech, Integrated Controls, V5.4 Bluetooth Headphones, Wireless Over Ear Headphone with Mic (Active Black)",,,,boAt,Rockerz 411,40Hrs,40Mm,,Wireless,Over Ear,Yes,Active Black,https://www.amazon.in/boAt-Integrated-Bluetooth-Headphones-Headphone/dp/B0FC2Y8XYF/ref=sr_1_1?dib=eyJ2IjoiMSJ9.SxNPJoR7Jp07YgVlcCqtQY0dCztlDFkraUQqqoQ5YKW612IkPOcqZYT2D1a5ZFc8w9NkMa0FtK2nLCxAGcBn5v-64GOL_MiWH1i-yvkoTmjy8i11oU11ywRnkk5C3D6v9jRfL9bg8QLUdgzDmj0O2pprG4pKFYPBcb6CEpFp1T71Ik8krSJDg-gHJ84ZC8CvKXzGPBiTNOOqTHf_9ABS30JFFXblhbe_MCsfsQzgKpEQuJrIAHH1qqIeBs6_YU9U9TgpoOmHm6pIjtCg01xQiNgPJdkN3uO290hoEZEPETI.bL2jexwZxcWN9enbybc_cx9NBPQGFO9LBijZdJfcF2s&dib_tag=se&keywords=headphones&qid=1758564956&s=computers&sr=1-1
Boat BassHeads 100 in-Ear Headphones with Mic (Black),,,,Boat,BassHeads 100 in-Ear Headphones with Mic,,,,,,Yes,Black,https://www.amazon.in/boAt-BassHeads-100-Headphones-Black/dp/B071Z8M4KX/ref=sr_1_2?dib=eyJ2IjoiMSJ9.SxNPJoR7Jp07YgVlcCqtQY0dCztlDFkraUQqqoQ5YKW612IkPOcqZYT2D1a5ZFc8w9NkMa0FtK2nLCxAGcBn5v-64GOL_MiWH1i-yvkoTmjy8i11oU11ywRnkk5C3D6v9jRfL9bg8QLUdgzDmj0O2pprG4pKFYPBcb6CEpFp1T71Ik8krSJDg-gHJ84ZC8CvKXzGPBiTNOOqTHf_9ABS30JFFXblhbe_MCsfsQzgKpEQuJrIAHH1qqIeBs6_YU9U9TgpoOmHm6pIjtCg01xQiNgPJdkN3uO290hoEZEPETI.bL2jexwZxcWN9enbybc_cx9NBPQGFO9LBijZdJfcF2s&dib_tag=se&keywords=headphones&qid=1758564956&s=computers&sr=1-2
"JBL Tune 510BT, On Ear Wireless Headphones with Mic, up to 40 Hours Playtime, Pure Bass, Quick Charging, Dual Pairing, Bluetooth 5.0 & Voice Assistant Support for Mobile Phones (Black)",,,,JBL,Tune 510BT,40 Hours,,Bluetooth 5.0,Wireless,On Ear,Yes,Black,https://www.amazon.in/JBL-Wireless-Headphones-Bluetooth-Assistant/dp/B08QTYYNDN/ref=sr_1_3?dib=eyJ2IjoiMSJ9.SxNPJoR7Jp07YgVlcCqtQY0dCztlDFkraUQqqoQ5YKW612IkPOcqZYT2D1a5ZFc8w9NkMa0FtK2nLCxAGcBn5v-64GOL_MiWH1i-yvkoTmjy8i11oU11ywRnkk5C3D6v9jRfL9bg8QLUdgzDmj0O2pprG4pKFYPBcb6CEpFp1T71Ik8krSJDg-gHJ84ZC8CvKXzGPBiTNOOqTHf_9ABS30JFFXblhbe_MCsfsQzgKpEQuJrIAHH1qqIeBs6_YU9U9TgpoOmHm6pIjtCg01xQiNgPJdkN3uO290hoEZEPETI.bL2jexwZxcWN9enbybc_cx9NBPQGFO9LBijZdJfcF2s&dib_tag=se&keywords=headphones&qid=1758564956&s=computers&sr=1-3
"ZEBRONICS THUNDER Bluetooth 5.3 Wireless Headphones with 60H Backup, Gaming Mode, Dual Pairing, ENC, AUX, Micro SD, Voice assistant, Comfortable Earcups, Call Function(Black)",,,,ZEBRONICS,,,,Bluetooth 5.3,Wireless,,Yes,Black,https://www.amazon.in/ZEBRONICS-Bluetooth-Headphones-assistant-Comfortable/dp/B07L8KNP5F/ref=sr_1_4?dib=eyJ2IjoiMSJ9.SxNPJoR7Jp07YgVlcCqtQY0dCztlDFkraUQqqoQ5YKW612IkPOcqZYT2D1a5ZFc8w9NkMa0FtK2nLCxAGcBn5v-64GOL_MiWH1i-yvkoTmjy8i11oU11ywRnkk5C3D6v9jRfL9bg8QLUdgzDmj0O2pprG4pKFYPBcb6CEpFp1T71Ik8krSJDg-gHJ84ZC8CvKXzGPBiTNOOqTHf_9ABS30JFFXblhbe_MCsfsQzgKpEQuJrIAHH1qqIeBs6_YU9U9TgpoOmHm6pIjtCg01xQiNgPJdkN3uO290hoEZEPETI.bL2jexwZxcWN9enbybc_cx9NBPQGFO9LBijZdJfcF2s&dib_tag=se&keywords=headphones&qid=1758564956&s=computers&sr=1-4
"boAt Rockerz 421 (2025 Launch), 40Hrs Battery, Low Latency(40Ms), 40Mm Drivers, Enx Technology, Integrated Controls, V5.4 Bluetooth Headphones, Wireless Over Ear Headphone with Mic (Bold Blue)",,,,boAt,Rockerz 421,40Hrs,40Mm,,Wireless,Over Ear,Yes,Bold Blue,https://www.amazon.in/boAt-Rockerz-Technology-Integrated-Headphones/dp/B0F7LY85KB/ref=sr_1_5?dib=eyJ2IjoiMSJ9.SxNPJoR7Jp07YgVlcCqtQY0dCztlDFkraUQqqoQ5YKW612IkPOcqZYT2D1a5ZFc8w9NkMa0FtK2nLCxAGcBn5v-64GOL_MiWH1i-yvkoTmjy8i11oU11ywRnkk5C3D6v9jRfL9bg8QLUdgzDmj0O2pprG4pKFYPBcb6CEpFp1T71Ik8krSJDg-gHJ84ZC8CvKXzGPBiTNOOqTHf_9ABS30JFFXblhbe_MCsfsQzgKpEQuJrIAHH1qqIeBs6_YU9U9TgpoOmHm6pIjtCg01xQiNgPJdkN3uO290hoEZEPETI.bL2jexwZxcWN9enbybc_cx9NBPQGFO9LBijZdJfcF2s&dib_tag=se&keywords=headphones&qid=1758564956&s=computers&sr=1-5
"Sony WH-CH520 Wireless Bluetooth Headphones On Ear with Mic, Up to 50Hrs Battery, Quick Charge, DSEE Upscale, Multipoint Connectivity, Voice Assistant, Customized EQ-Black",,,,Sony,WH-CH520 Wireless Bluetooth Headphones On Ear with Mic,50Hrs,,,Wireless,On Ear,Yes,,https://www.amazon.in/Sony-Bluetooth-Headphones-Multipoint-Connectivity/dp/B0BS1PRC4L/ref=sr_1_6?dib=eyJ2IjoiMSJ9.SxNPJoR7Jp07YgVlcCqtQY0dCztlDFkraUQqqoQ5YKW612IkPOcqZYT2D1a5ZFc8w9NkMa0FtK2nLCxAGcBn5v-64GOL_MiWH1i-yvkoTmjy8i11oU11ywRnkk5C3D6v9jRfL9bg8QLUdgzDmj0O2pprG4pKFYPBcb6CEpFp1T71Ik8krSJDg-gHJ84ZC8CvKXzGPBiTNOOqTHf_9ABS30JFFXblhbe_MCsfsQzgKpEQuJrIAHH1qqIeBs6_YU9U9TgpoOmHm6pIjtCg01xQiNgPJdkN3uO290hoEZEPETI.bL2jexwZxcWN9enbybc_cx9NBPQGFO9LBijZdJfcF2s&dib_tag=se&keywords=headphones&qid=1758564956&s=computers&sr=1-6
"boAt Rockerz 550/Rockerz 558 Over Ear Bluetooth Headphones with Upto 20 Hours Playback, 50MM Drivers, Soft Padded Ear Cushions and Physical Noise Isolation(Black)",,,,boAt,Rockerz 550/Rockerz 558 Over Ear Bluetooth Headphones with Upto 20 Hours Playback,20 Hours,50MM,,,Over Ear,No,Black,https://www.amazon.in/boAt-Bluetooth-Headphones-Playback-Isolation/dp/B0856HY85J/ref=sr_1_7?dib=eyJ2IjoiMSJ9.SxNPJoR7Jp07YgVlcCqtQY0dCztlDFkraUQqqoQ5YKW612IkPOcqZYT2D1a5ZFc8w9NkMa0FtK2nLCxAGcBn5v-64GOL_MiWH1i-yvkoTmjy8i11oU11ywRnkk5C3D6v9jRfL9bg8QLUdgzDmj0O2pprG4pKFYPBcb6CEpFp1T71Ik8krSJDg-gHJ84ZC8CvKXzGPBiTNOOqTHf_9ABS30JFFXblhbe_MCsfsQzgKpEQuJrIAHH1qqIeBs6_YU9U9TgpoOmHm6pIjtCg01xQiNgPJdkN3uO290hoEZEPETI.bL2jexwZxcWN9enbybc_cx9NBPQGFO9LBijZdJfcF2s&dib_tag=se&keywords=headphones&qid=1758564956&s=computers&sr=1-7
"boAt Rockerz 113 (2025 Launch), 40 Hrs Playback, Dual Pair, Fast Charge, Enx Tech, Low Latency, Magnetic Buds, Bluetooth Neckband, Wireless with Mic in Ear Earphones(Active Black)",,,,boAt,Rockerz 113,40 Hrs,,,Wireless,,Yes,Active Black,https://www.amazon.in/boAt-Rockerz-Playback-Bluetooth-Earphones/dp/B0F7Y54PJX/ref=sr_1_8?dib=eyJ2IjoiMSJ9.SxNPJoR7Jp07YgVlcCqtQY0dCztlDFkraUQqqoQ5YKW612IkPOcqZYT2D1a5ZFc8w9NkMa0FtK2nLCxAGcBn5v-64GOL_MiWH1i-yvkoTmjy8i11oU11ywRnkk5C3D6v9jRfL9bg8QLUdgzDmj0O2pprG4pKFYPBcb6CEpFp1T71Ik8krSJDg-gHJ84ZC8CvKXzGPBiTNOOqTHf_9ABS30JFFXblhbe_MCsfsQzgKpEQuJrIAHH1qqIeBs6_YU9U9TgpoOmHm6pIjtCg01xQiNgPJdkN3uO290hoEZEPETI.bL2jexwZxcWN9enbybc_cx9NBPQGFO9LBijZdJfcF2s&dib_tag=se&keywords=headphones&qid=1758564956&s=computers&sr=1-8
"Portronics Muffs M2 Bluetooth Headphones Over Ear with Upto 40 Hrs Playtime, 40mm Dynamic Drivers, AUX 3.5mm, Powerful Bass, Laptop & PC Support,Type C Charging Port, Foldable Design(White)",,,,Portronics,Muffs M2 Bluetooth Headphones Over Ear with Upto 40 Hrs Playtime,40 Hrs,,,,Over Ear,No,White,https://www.amazon.in/Portronics-Bluetooth-Headphones-Playtime-Powerful/dp/B0C4HDNDGN/ref=sr_1_9?dib=eyJ2IjoiMSJ9.SxNPJoR7Jp07YgVlcCqtQY0dCztlDFkraUQqqoQ5YKW612IkPOcqZYT2D1a5ZFc8w9NkMa0FtK2nLCxAGcBn5v-64GOL_MiWH1i-yvkoTmjy8i11oU11ywRnkk5C3D6v9jRfL9bg8QLUdgzDmj0O2pprG4pKFYPBcb6CEpFp1T71Ik8krSJDg-gHJ84ZC8CvKXzGPBiTNOOqTHf_9ABS30JFFXblhbe_MCsfsQzgKpEQuJrIAHH1qqIeBs6_YU9U9TgpoOmHm6pIjtCg01xQiNgPJdkN3uO290hoEZEPETI.bL2jexwZxcWN9enbybc_cx9NBPQGFO9LBijZdJfcF2s&dib_tag=se&keywords=headphones&qid=1758564956&s=computers&sr=1-9
"boAt Rockerz 412 (2025 Launch), 60Hrs Battery, 40Mm Drivers, 40Ms Low Latency, Enx Tech, Integrated Controls, V5.4 Bluetooth Headphones, Wireless Over Ear Headphone with Mic (Bold Blue)",,,,boAt,Rockerz 412,60Hrs,40Mm,,Wireless,Over Ear,Yes,Bold Blue,https://www.amazon.in/boAt-Integrated-Bluetooth-Headphones-Headphone/dp/B0FC2YZHHY/ref=sr_1_10?dib=eyJ2IjoiMSJ9.SxNPJoR7Jp07YgVlcCqtQY0dCztlDFkraUQqqoQ5YKW612IkPOcqZYT2D1a5ZFc8w9NkMa0FtK2nLCxAGcBn5v-64GOL_MiWH1i-yvkoTmjy8i11oU11ywRnkk5C3D6v9jRfL9bg8QLUdgzDmj0O2pprG4pKFYPBcb6CEpFp1T71Ik8krSJDg-gHJ84ZC8CvKXzGPBiTNOOqTHf_9ABS30JFFXblhbe_MCsfsQzgKpEQuJrIAHH1qqIeBs6_YU9U9TgpoOmHm6pIjtCg01xQiNgPJdkN3uO290hoEZEPETI.bL2jexwZxcWN9enbybc_cx9NBPQGFO9LBijZdJfcF2s&dib_tag=se&keywords=headphones&qid=1758564956&s=computers&sr=1-10
"JBL Tune 770NC Wireless Over Ear ANC Headphones with Mic, Upto 70 Hrs Battery, Speed Charge : 5 min Charge Gives up to 3H of Playback, Google Fast Pair, Dual Pairing, BT 5.3 (Black)",,,,JBL,Tune 770NC Wireless Over Ear ANC Headphones with Mic,70 Hrs,,,Wireless,Over Ear,Yes,Black,https://www.amazon.in/JBL-Wireless-Headphones-Speedcharge-Customize/dp/B09CYX92NB/ref=sr_1_11?dib=eyJ2IjoiMSJ9.SxNPJoR7Jp07YgVlcCqtQY0dCztlDFkraUQqqoQ5YKW612IkPOcqZYT2D1a5ZFc8w9NkMa0FtK2nLCxAGcBn5v-64GOL_MiWH1i-yvkoTmjy8i11oU11ywRnkk5C3D6v9jRfL9bg8QLUdgzDmj0O2pprG4pKFYPBcb6CEpFp1T71Ik8krSJDg-gHJ84ZC8CvKXzGPBiTNOOqTHf_9ABS30JFFXblhbe_MCsfsQzgKpEQuJrIAHH1qqIeBs6_YU9U9TgpoOmHm6pIjtCg01xQiNgPJdkN3uO290hoEZEPETI.bL2jexwZxcWN9enbybc_cx9NBPQGFO9LBijZdJfcF2s&dib_tag=se&keywords=headphones&qid=1758564956&s=computers&sr=1-11
"Sony WH-CH720N Active Noise Cancellation Wireless Bluetooth Over Ear Headphones with Mic, Adaptive Sound Control, Quick Charge, Up to 35Hrs Battery, Customized EQ- Blue",,,,Sony,WH-CH720N Active Noise Cancellation Wireless Bluetooth Over Ear Headphones with Mic,35Hrs,,,Wireless,Over Ear,Yes,,https://www.amazon.in/Sony-WH-CH720N-Cancellation-Headphones-Multi-Point/dp/B0BXXPG6FP/ref=sr_1_12?dib=eyJ2IjoiMSJ9.SxNPJoR7Jp07YgVlcCqtQY0dCztlDFkraUQqqoQ5YKW612IkPOcqZYT2D1a5ZFc8w9NkMa0FtK2nLCxAGcBn5v-64GOL_MiWH1i-yvkoTmjy8i11oU11ywRnkk5C3D6v9jRfL9bg8QLUdgzDmj0O2pprG4pKFYPBcb6CEpFp1T71Ik8krSJDg-gHJ84ZC8CvKXzGPBiTNOOqTHf_9ABS30JFFXblhbe_MCsfsQzgKpEQuJrIAHH1qqIeBs6_YU9U9TgpoOmHm6pIjtCg01xQiNgPJdkN3uO290hoEZEPETI.bL2jexwZxcWN9enbybc_cx9NBPQGFO9LBijZdJfcF2s&dib_tag=se&keywords=headphones&qid=1758564956&s=computers&sr=1-12
"boAt Rockerz 650 Pro (2025 Launch),Touch/Swipe Controls,Dolby Audio,80Hrs Battery,2Mics Enx,Fast Charge,App Support,Dual Pair,Bluetooth Over Ear Headphones,Wireless Headphone with Mic (Sage Green)",,,,boAt,Rockerz 650 Pro,80Hrs,,,Wireless,Over Ear,Yes,Sage Green,https://www.amazon.in/boAt-Rockerz-650-Pro-Headphones/dp/B0DV5GLTLZ/ref=sr_1_13?dib=eyJ2IjoiMSJ9.SxNPJoR7Jp07YgVlcCqtQY0dCztlDFkraUQqqoQ5YKW612IkPOcqZYT2D1a5ZFc8w9NkMa0FtK2nLCxAGcBn5v-64GOL_MiWH1i-yvkoTmjy8i11oU11ywRnkk5C3D6v9jRfL9bg8QLUdgzDmj0O2pprG4pKFYPBcb6CEpFp1T71Ik8krSJDg-gHJ84ZC8CvKXzGPBiTNOOqTHf_9ABS30JFFXblhbe_MCsfsQzgKpEQuJrIAHH1qqIeBs6_YU9U9TgpoOmHm6pIjtCg01xQiNgPJdkN3uO290hoEZEPETI.bL2jexwZxcWN9enbybc_cx9NBPQGFO9LBijZdJfcF2s&dib_tag=se&keywords=headphones&qid=1758564956&s=computers&sr=1-13
"JBL C100SI Wired In Ear Headphones With Mic, Pure Bass Sound, One Button Multi-Function Remote, Premium Metallic Finish, Angled Buds For Comfort Fit (Black)",,,,JBL,C100SI Wired In Ear Headphones With Mic,,,,Wired,,Yes,Black,https://www.amazon.in/JBL-Headphones-Multi-function-Premium-Metallic/dp/B01DEWVZ2C/ref=sr_1_14?dib=eyJ2IjoiMSJ9.SxNPJoR7Jp07YgVlcCqtQY0dCztlDFkraUQqqoQ5YKW612IkPOcqZYT2D1a5ZFc8w9NkMa0FtK2nLCxAGcBn5v-64GOL_MiWH1i-yvkoTmjy8i11oU11ywRnkk5C3D6v9jRfL9bg8QLUdgzDmj0O2pprG4pKFYPBcb6CEpFp1T71Ik8krSJDg-gHJ84ZC8CvKXzGPBiTNOOqTHf_9ABS30JFFXblhbe_MCsfsQzgKpEQuJrIAHH1qqIeBs6_YU9U9TgpoOmHm6pIjtCg01xQiNgPJdkN3uO290hoEZEPETI.bL2jexwZxcWN9enbybc_cx9NBPQGFO9LBijZdJfcF2s&dib_tag=se&keywords=headphones&qid=1758564956&s=computers&sr=1-14
Logitech H111 Wired On Ear Headphones With Mic Black,,,,Logitech,,,,,Wired,On Ear,Yes,,https://www.amazon.in/Logitech-H111-Stero-Headset-Black/dp/B00Y4ORQ46/ref=sr_1_15?dib=eyJ2IjoiMSJ9.SxNPJoR7Jp07YgVlcCqtQY0dCztlDFkraUQqqoQ5YKW612IkPOcqZYT2D1a5ZFc8w9NkMa0FtK2nLCxAGcBn5v-64GOL_MiWH1i-yvkoTmjy8i11oU11ywRnkk5C3D6v9jRfL9bg8QLUdgzDmj0O2pprG4pKFYPBcb6CEpFp1T71Ik8krSJDg-gHJ84ZC8CvKXzGPBiTNOOqTHf_9ABS30JFFXblhbe_MCsfsQzgKpEQuJrIAHH1qqIeBs6_YU9U9TgpoOmHm6pIjtCg01xQiNgPJdkN3uO290hoEZEPETI.bL2jexwZxcWN9enbybc_cx9NBPQGFO9LBijZdJfcF2s&dib_tag=se&keywords=headphones&qid=1758564956&s=computers&sr=1-15
"Zebronics Zeb-Storm On Ear Wired Headphone with 3.5mm Jack, Built in Microphone for Calling, 1.5 Meter Cable, Soft Ear Cushion, Adjustable Headband, Foldable Ear Cups and Lightweight Design (Black)",,,,Zebronics,,,,,Wired,On Ear,Yes,Black,https://www.amazon.in/ZEBRONICS-Zeb-Storm-Microphone-Adjustable-Lightweight/dp/B0B4G44RFS/ref=sr_1_16?dib=eyJ2IjoiMSJ9.SxNPJoR7Jp07YgVlcCqtQY0dCztlDFkraUQqqoQ5YKW612IkPOcqZYT2D1a5ZFc8w9NkMa0FtK2nLCxAGcBn5v-64GOL_MiWH1i-yvkoTmjy8i11oU11ywRnkk5C3D6v9jRfL9bg8QLUdgzDmj0O2pprG4pKFYPBcb6CEpFp1T71Ik8krSJDg-gHJ84ZC8CvKXzGPBiTNOOqTHf_9ABS30JFFXblhbe_MCsfsQzgKpEQuJrIAHH1qqIeBs6_YU9U9TgpoOmHm6pIjtCg01xQiNgPJdkN3uO290hoEZEPETI.bL2jexwZxcWN9enbybc_cx9NBPQGFO9LBijZdJfcF2s&dib_tag=se&keywords=headphones&qid=1758564956&s=computers&sr=1-16
"GOBOULT Q Over Ear Bluetooth Headphones with 70H Playtime, 40mm Bass Drivers, Zen™ ENC Mic, Type-C Fast Charging, 4 EQ Modes, AUX Option, IPX5 Headphones Wireless with mic (Black)",,,,GOBOULT,Q Over Ear Bluetooth Headphones with 70H Playtime,,,,Wireless,Over Ear,Yes,Black,https://www.amazon.in/Boult-Bluetooth-Headphones-Playtime-Charging/dp/B0DFHFH16K/ref=sr_1_17?dib=eyJ2IjoiMSJ9.SxNPJoR7Jp07YgVlcCqtQY0dCztlDFkraUQqqoQ5YKW612IkPOcqZYT2D1a5ZFc8w9NkMa0FtK2nLCxAGcBn5v-64GOL_MiWH1i-yvkoTmjy8i11oU11ywRnkk5C3D6v9jRfL9bg8QLUdgzDmj0O2pprG4pKFYPBcb6CEpFp1T71Ik8krSJDg-gHJ84ZC8CvKXzGPBiTNOOqTHf_9ABS30JFFXblhbe_MCsfsQzgKpEQuJrIAHH1qqIeBs6_YU9U9TgpoOmHm6pIjtCg01xQiNgPJdkN3uO290hoEZEPETI.bL2jexwZxcWN9enbybc_cx9NBPQGFO9LBijZdJfcF2s&dib_tag=se&keywords=headphones&qid=1758564956&s=computers&sr=1-17
"boAt Rockerz 450, 15 HRS Battery, 40mm Drivers, Padded Ear Cushions, Integrated Controls, Dual Modes, On Ear Bluetooth Headphones, Wireless Headphone with Mic (Luscious Black)",,,,boAt,Rockerz 450,15 HRS,40mm,,Wireless,On Ear,Yes,Luscious Black,https://www.amazon.in/Rockerz-450-Wireless-Bluetooth-Headphone/dp/B07PR1CL3S/ref=sr_1_18?dib=eyJ2IjoiMSJ9.SxNPJoR7Jp07YgVlcCqtQY0dCztlDFkraUQqqoQ5YKW612IkPOcqZYT2D1a5ZFc8w9NkMa0FtK2nLCxAGcBn5v-64GOL_MiWH1i-yvkoTmjy8i11oU11ywRnkk5C3D6v9jRfL9bg8QLUdgzDmj0O2pprG4pKFYPBcb6CEpFp1T71Ik8krSJDg-gHJ84ZC8CvKXzGPBiTNOOqTHf_9ABS30JFFXblhbe_MCsfsQzgKpEQuJrIAHH1qqIeBs6_YU9U9TgpoOmHm6pIjtCg01xQiNgPJdkN3uO290hoEZEPETI.bL2jexwZxcWN9enbybc_cx9NBPQGFO9LBijZdJfcF2s&dib_tag=se&keywords=headphones&qid=1758564956&s=computers&sr=1-18
"boAt Rockerz 512 ANC,(~40dB) Hybrid ANC, 80H Battery, 40mm Drivers, 40ms Low Latency, ENx Tech,Stream Ad Free Music via App Support, Bluetooth Headphones, Wireless Headphone with Mic (Cosmic Black)",,,,boAt,Rockerz 512 ANC,,40mm,,Wireless,,Yes,Cosmic Black,https://www.amazon.in/boAt-Playback-Bluetooth-Headphones-Headphone/dp/B0FG2QT7H2/ref=sr_1_19?dib=eyJ2IjoiMSJ9.SxNPJoR7Jp07YgVlcCqtQY0dCztlDFkraUQqqoQ5YKW612IkPOcqZYT2D1a5ZFc8w9NkMa0FtK2nLCxAGcBn5v-64GOL_MiWH1i-yvkoTmjy8i11oU11ywRnkk5C3D6v9jRfL9bg8QLUdgzDmj0O2pprG4pKFYPBcb6CEpFp1T71Ik8krSJDg-gHJ84ZC8CvKXzGPBiTNOOqTHf_9ABS30JFFXblhbe_MCsfsQzgKpEQuJrIAHH1qqIeBs6_YU9U9TgpoOmHm6pIjtCg01xQiNgPJdkN3uO290hoEZEPETI.bL2jexwZxcWN9enbybc_cx9NBPQGFO9LBijZdJfcF2s&dib_tag=se&keywords=headphones&qid=1758564956&s=computers&sr=1-19
Ant Esports H520W Lightweight Gaming Over Ear Wired Headphones with Mic| 3.5MM Jack |50 MM Drivers | Compatible with PC/ PS4 / Xbox One/Nintendo/Mobile (Black),,,,Ant,,,50 MM,,Wired,Over Ear,Yes,Black,https://www.amazon.in/Ant-Esports-Nintendo-Computer-Black/dp/B081Q85RTF/ref=sr_1_20?dib=eyJ2IjoiMSJ9.SxNPJoR7Jp07YgVlcCqtQY0dCztlDFkraUQqqoQ5YKW612IkPOcqZYT2D1a5ZFc8w9NkMa0FtK2nLCxAGcBn5v-64GOL_MiWH1i-yvkoTmjy8i11oU11ywRnkk5C3D6v9jRfL9bg8QLUdgzDmj0O2pprG4pKFYPBcb6CEpFp1T71Ik8krSJDg-gHJ84ZC8CvKXzGPBiTNOOqTHf_9ABS30JFFXblhbe_MCsfsQzgKpEQuJrIAHH1qqIeBs6_YU9U9TgpoOmHm6pIjtCg01xQiNgPJdkN3uO290hoEZEPETI.bL2jexwZxcWN9enbybc_cx9NBPQGFO9LBijZdJfcF2s&dib_tag=se&keywords=headphones&qid=1758564956&s=computers&sr=1-20
Marshall Major IV Wireless Bluetooth On Ear Headphone with Mic (Black),,,,Marshall,Major IV Wireless Bluetooth On Ear Headphone with Mic,,,,Wireless,On Ear,Yes,Black,https://www.amazon.in/Marshall-Major-Foldable-Bluetooth-Headphones/dp/B08KHT2HDT/ref=sr_1_21?dib=eyJ2IjoiMSJ9.SxNPJoR7Jp07YgVlcCqtQY0dCztlDFkraUQqqoQ5YKW612IkPOcqZYT2D1a5ZFc8w9NkMa0FtK2nLCxAGcBn5v-64GOL_MiWH1i-yvkoTmjy8i11oU11ywRnkk5C3D6v9jRfL9bg8QLUdgzDmj0O2pprG4pKFYPBcb6CEpFp1T71Ik8krSJDg-gHJ84ZC8CvKXzGPBiTNOOqTHf_9ABS30JFFXblhbe_MCsfsQzgKpEQuJrIAHH1qqIeBs6_YU9U9TgpoOmHm6pIjtCg01xQiNgPJdkN3uO290hoEZEPETI.bL2jexwZxcWN9enbybc_cx9NBPQGFO9LBijZdJfcF2s&dib_tag=se&keywords=headphones&qid=1758564956&s=computers&sr=1-21
"Sony WH-1000XM4 Industry Leading Wireless Noise Cancellation Bluetooth Over Ear Headphones with Mic for Phone Calls, 30 Hours Battery Life, Quick Charge, AUX, Touch Control and Voice Control - Black",,,,Sony,WH-1000XM4 Industry Leading Wireless Noise Cancellation Bluetooth Over Ear Headphones with Mic for Phone Calls,30 Hours,,,Wireless,Over Ear,Yes,,https://www.amazon.in/Sony-WH-1000XM4-Cancelling-Headphones-Bluetooth/dp/B0863TXGM3/ref=sr_1_22?dib=eyJ2IjoiMSJ9.SxNPJoR7Jp07YgVlcCqtQY0dCztlDFkraUQqqoQ5YKW612IkPOcqZYT2D1a5ZFc8w9NkMa0FtK2nLCxAGcBn5v-64GOL_MiWH1i-yvkoTmjy8i11oU11ywRnkk5C3D6v9jRfL9bg8QLUdgzDmj0O2pprG4pKFYPBcb6CEpFp1T71Ik8krSJDg-gHJ84ZC8CvKXzGPBiTNOOqTHf_9ABS30JFFXblhbe_MCsfsQzgKpEQuJrIAHH1qqIeBs6_YU9U9TgpoOmHm6pIjtCg01xQiNgPJdkN3uO290hoEZEPETI.bL2jexwZxcWN9enbybc_cx9NBPQGFO9LBijZdJfcF2s&dib_tag=se&keywords=headphones&qid=1758564956&s=computers&sr=1-22
"Razer BlackShark V2 X Wired Gaming On Ear Headset - Black|7.1 Surround Sound-50mm Drivers-Memory Foam Cushion-for PC,PS4,PS5,Switch,Xbox One,Xbox Series X|S,Mobile-3.5mm Audio Jack-RZ04-03240100-R3M1",,,,Razer,,,50mm,,Wired,On Ear,No,,https://www.amazon.in/Razer-BlackShark-V2-Headset-RZ04-03240100-R3M1/dp/B08WBJHVYV/ref=sr_1_23?dib=eyJ2IjoiMSJ9.SxNPJoR7Jp07YgVlcCqtQY0dCztlDFkraUQqqoQ5YKW612IkPOcqZYT2D1a5ZFc8w9NkMa0FtK2nLCxAGcBn5v-64GOL_MiWH1i-yvkoTmjy8i11oU11ywRnkk5C3D6v9jRfL9bg8QLUdgzDmj0O2pprG4pKFYPBcb6CEpFp1T71Ik8krSJDg-gHJ84ZC8CvKXzGPBiTNOOqTHf_9ABS30JFFXblhbe_MCsfsQzgKpEQuJrIAHH1qqIeBs6_YU9U9TgpoOmHm6pIjtCg01xQiNgPJdkN3uO290hoEZEPETI.bL2jexwZxcWN9enbybc_cx9NBPQGFO9LBijZdJfcF2s&dib_tag=se&keywords=headphones&qid=1758564956&s=computers&sr=1-23
"Sony ULT Wear WH-ULT900N Noise Cancellation Wireless Bluetooth Over Ear Headphones with Massive Bass, Up to 50Hrs Battery-Black",,,,Sony,ULT Wear WH-ULT900N Noise Cancellation Wireless Bluetooth Over Ear Headphones with Massive Bass,50Hrs,,,Wireless,Over Ear,No,,https://www.amazon.in/Sony-Headphones-Wh-Ult900N-Cancelling-Pair-Black/dp/B0CWVX1GNX/ref=sr_1_24?dib=eyJ2IjoiMSJ9.SxNPJoR7Jp07YgVlcCqtQY0dCztlDFkraUQqqoQ5YKW612IkPOcqZYT2D1a5ZFc8w9NkMa0FtK2nLCxAGcBn5v-64GOL_MiWH1i-yvkoTmjy8i11oU11ywRnkk5C3D6v9jRfL9bg8QLUdgzDmj0O2pprG4pKFYPBcb6CEpFp1T71Ik8krSJDg-gHJ84ZC8CvKXzGPBiTNOOqTHf_9ABS30JFFXblhbe_MCsfsQzgKpEQuJrIAHH1qqIeBs6_YU9U9TgpoOmHm6pIjtCg01xQiNgPJdkN3uO290hoEZEPETI.bL2jexwZxcWN9enbybc_cx9NBPQGFO9LBijZdJfcF2s&dib_tag=se&keywords=headphones&qid=1758564956&s=computers&sr=1-24
