Product_Name,Discount,MRP,Selling_Price,Colour,Form_Factor,Number_of_Lithium_Ion_Cells,Included_Components,Country_of_Origin,Item_Weight,Sensitivity,Headphones_Jack,Model_Name,Connectivity_Technology,Wireless_Communication_Technology,Age_Range,Material,Specific_Uses_For_Product,Charging_Time,Recommended_Uses_For_Product,Compatible_Devices,Control_Type,Control_Method,Control_Type_Method,Cable_Feature,Number_of_Items,Battery_Life,Audio_Driver_Type,Audio_Driver_Size,Bluetooth_Range,Bluetooth_Version,Earpiece_Shape,Special_Feature,Special_Features,Product_Dimensions,Batteries,Batteries_Included,Batteries_Required,Battery_Cell_Composition,Includes_Rechargeable_Battery,Style,Controller_Type,Carrying_Case_Material,Carrying_Case_Color,Series_Number,UPC,Does_it_contain_liquid,Model,Item_model_number,Series_number,Cable_Length,Frequency_Range,Impedance,Battery_Type,Battery_cell_composition,Age_Range_Description,Water_Resistance_Level,Net_Quantity
"boAt Rockerz 411 (2025 Launch), 40Ms Low Latency, 40Hrs Battery, 40Mm Drivers, Enx Tech, Integrated Controls, V5.4 Bluetooth Headphones, Wireless Over Ear Headphone with Mic (Active Black)",-57%,"₹2,999₹2,999","1,299.00",Active Black,Over Ear,,,,,,,‎Rockerz,,,,,,,,,,,,,,,,,,,,,,,,,,,,,,,,,,,,,,,,,,,,,
"boAt Rockerz 411 (2025 Launch), 40Ms Low Latency, 40Hrs Battery, 40Mm Drivers, Enx Tech, Integrated Controls, V5.4 Bluetooth Headphones, Wireless Over Ear Headphone with Mic (Active Black)",-57%,"₹2,999₹2,999","1,299.00",Black,Over Ear,,,,,,,,,,,,,,,,,,,,,,,,,,,,,,,,,,,,,,,,,,,,,,,16 Ohm,,,,,
"boAt Rockerz 550/Rockerz 558 Over Ear Bluetooth Headphones with Upto 20 Hours Playback, 50MM Drivers, Soft Padded Ear Cushions and Physical Noise Isolation(Black)",-74%,"₹4,999₹4,999","1,299.00",black (Zeb-Thunder),Over Ear,,,,,"Soft & comfortable earcups: Listen to music, podcasts and more for long hours with soft ear cups making it super comfortable for daily wear, All this with long playback time of 60 hours in BT mode.",,,,,,,,,,,,,,,,,,,,,,,,,,,,,,,,,,,,,,,,,,32 Ohm,,,,,
"ZEBRONICS THUNDER Bluetooth 5.3 Wireless Headphones with 60H Backup, Gaming Mode, Dual Pairing, ENC, AUX, Micro SD, Voice assistant, Comfortable Earcups, Call Function(Black)",-42%,"₹1,199₹1,199",699,Luscious Black,On Ear,,,,,,,,,,,,,Drivers- Its 40mm dynamic drivers help pump out immersive HD audio all day long.,,,,,,,,,,,,,,,,,,,,,,,,,,,,,,,,,,16 Ohm,,,,,
"boAt Rockerz 450, 15 HRS Battery, 40mm Drivers, Padded Ear Cushions, Integrated Controls, Dual Modes, On Ear Bluetooth Headphones, Wireless Headphone with Mic (Luscious Black)",-67%,"₹3,990₹3,990","1,299.00",Black,On Ear,,,,,,,,,,,,,,,,,,,,,,,,,,,,,,,,,,,Tune510BT,,,,,,,›,,,,,32 Ohm,,,,,
"JBL Tune 510BT, On Ear Wireless Headphones with Mic, up to 40 Hours Playtime, Pure Bass, Quick Charging, Dual Pairing, Bluetooth 5.0 & Voice Assistant Support for Mobile Phones (Black)",-55%,"₹4,449₹4,449","1,999.00",White,Over Ear,,,,,,,,,,,,,,,,,,,,,,,,,,,,,,,,,,,,,,,,,,,,,,,4 Ohm,,,,,
"Portronics Muffs M2 Bluetooth Headphones Over Ear with Upto 40 Hrs Playtime, 40mm Dynamic Drivers, AUX 3.5mm, Powerful Bass, Laptop & PC Support,Type C Charging Port, Foldable Design(White)",-68%,"₹2,499₹2,499",799,Black,Over Ear,,,,,,,,,,,,,,,,,,,,,,,,,,,,,,,,,,,TUNE770NC,,,,,,,,,,,,32 Ohm,,,,,
"JBL Tune 770NC Wireless Over Ear ANC Headphones with Mic, Upto 70 Hrs Battery, Speed Charge : 5 min Charge Gives up to 3H of Playback, Google Fast Pair, Dual Pairing, BT 5.3 (Black)",-40%,"₹9,999₹9,999","5,999.00",black;blue,Over Ear,,,,,,,,,,,,,,,,,,,,,,,,,,,,,,,,,,,Zeb-Jet,,,,,,,,,,,,32 Ohm,,,,,
"ZEBRONICS Jet Premium Wired Gaming On Ear Headphone with LED Light for earcups, 40mm Neodymium Drivers, 2 Meter Braided Cable, Flexible mic, Suspension Headband, 3.5mm + USB Connector (Black + Blue)",-59%,"₹1,699₹1,699",689,Bold Blue,Over Ear,,,,,,,,,,,,,,,,,,,,,,,,,,,,,,,,,,,,,,,,,,,,,,,32 Ohm,,,,,
"boAt Rockerz 421 (2025 Launch), 40Hrs Battery, Low Latency(40Ms), 40Mm Drivers, Enx Technology, Integrated Controls, V5.4 Bluetooth Headphones, Wireless Over Ear Headphone with Mic (Bold Blue)",-44%,"₹2,490₹2,490","1,399.00",Black w/ USB Type A,Over Ear,,,,,,,,,,,,,,,₹99.00₹99.00,,,,,,,,,,,,,,,,,,,,With USB,,,,,,,,,,,,32 Ohm,,,,,
"boAt Bassheads 900 Pro Wired Headphones with 40Mm Drivers, Lightweight Foldable Design, Over Ear, Remote Control, Unidirectional Retractable Mic, Adjustable Headband & USB Type-A Compatibility(Black)",-80%,"₹4,990₹4,990",999,Black,Over Ear,,,,,,,,,,,,,,,,,,,,,,,,,,,,,,,,,,,,,,,,,,,,,,,325 Ohm,,,,,
"Sony WH-CH720N Active Noise Cancellation Wireless Bluetooth Over Ear Headphones with Mic, Adaptive Sound Control, Quick Charge, Up to 35Hrs Battery, Customized EQ- Black",-42%,"₹14,990₹14,990","8,728.00",Black,Over Ear,,,,,,,,,,,,,,,,,,,,,4.54.5 out of 5 stars,,,,,,,,,,,,,,,,,,,,,,,,,,47 Ohm,,,,,
"Sony WH-1000XM4 Industry Leading Wireless Noise Cancellation Bluetooth Over Ear Headphones with Mic for Phone Calls, 30 Hours Battery Life, Quick Charge, AUX, Touch Control and Voice Control - Black",-23%,"₹29,990₹29,990","22,990.00",Serene Blue,On Ear,,,,,,3.5 mm Jack,,,,,,,,,,,,,,,,,,,,,,,,,,,,,,,,,,,,,,,,,,,,,,
"Noise Two Wireless On Ear Headphones with 50 Hours Playtime, Low Latency(up to 40ms), 4 Play Modes, Dual Pairing, BT v5.3 (Serene Blue)",-66%,"₹4,999₹4,999","1,699.00",Black,In Ear,,,,,,,,,,,,,,,,,,,,,,,,,,,,,,,,,,,Without Carry Case,,,,,,,,,,,,16 Ohm,,,,,
Boat BassHeads 225 in-Ear Super Extra Bass Headphones (Black),-50%,₹999₹999,499,Calm Beige,Over Ear,,,,,,,,,,,,,,,,,,,,,,,,,,,,,,,,,,,,,,,,,,,,,,,,,,,,
"Noise Airwave Max 4 Wireless Over Ear Headphones with 70H Playtime, ENC, 40mm Driver, Low Latency(up to 40ms), Dual Pairing, BT v5.4 (Calm Beige)",-58%,"₹5,999₹5,999","2,499.00",Bold Blue,Over Ear,,,,,,No Jack,,,,,,,,,,,,,,,,,,,,,,,,,,,,,,,,,,,,,,,,,,,,,,
"boAt Rockerz 412 (2025 Launch), 60Hrs Battery, 40Mm Drivers, 40Ms Low Latency, Enx Tech, Integrated Controls, V5.4 Bluetooth Headphones, Wireless Over Ear Headphone with Mic (Bold Blue)",-60%,"₹2,999₹2,999","1,199.00",Black,On Ear,,,,,,,,,,,,,,,,,,,,,,,,,,,,,,,,,,,,,,,,,,,,,,,,,,,,
Marshall Major IV Wireless Bluetooth On Ear Headphone with Mic (Black),-33%,"₹14,999₹14,999","9,999.00",Black,Over Ear,,,,,Frequency Response : 20Hz-20Khz,,,,,,,,,,,,,,,,,,,,,,,,,,,,,,,,,,,,,,,,Headphones Form Factor : Over Ear,,Sensitivity : -42±3db,,,,,
Ant Esports H520W Lightweight Gaming Over Ear Wired Headphones with Mic| 3.5MM Jack |50 MM Drivers | Compatible with PC/ PS4 / Xbox One/Nintendo/Mobile (Black),-77%,"₹2,999₹2,999",685,Taupe,On Ear,,,,,,,,,,,,,,,,,,,,,,,,,,,,,,,,,,,,,,,,,,,,,,,100 Ohm,,,,,
"Sony WH-CH520 Wireless Bluetooth Headphones on Ear with Mic, Up to 50Hrs Battery, Quick Charge, DSEE Upscale, Multipoint Connectivity, Voice Assistant, Customized EQ-Beige",-33%,"₹5,990₹5,990","3,990.00",70(BEIGE),On Ear,,,,,,,,,,,,,,,,,,,,,,,,,,,,,,,,,,,,,,,,,,,,,,,,,,,,
"ZEBRONICS Duke Plus, Wireless Over Ear Headphone with ANC, ENC, Gaming Mode, Dual Pairing, Rapid Charge, Upto 70* Hours Backup, Bluetooth v5.4, AUX, Comfortable Earcushion, Deep Bass (Beige)",-84%,"₹7,999₹7,999","1,299.00",Brown,Over Ear,,,,,"Soft & comfortable earcups: Listen to music, podcasts and more for long hours with soft ear cups making it super comfortable for daily wear, All this with long playback time of 60 hours in BT mode.",,,,,,,,,,,,,,,,,,,,,,,,,,,,,,,,,,,,,,,,,,32 Ohm,,,,,
"ZEBRONICS Thunder Over Ear Bluetooth 5.3 Wireless Headphones with 60H Backup, Gaming Mode, Dual Pairing, Enc, Aux, Micro Sd, Voice Assistant, Comfortable Earcups, Call Function (Brown)",-43%,"₹1,399₹1,399",799,Iris Black,Over Ear,,,,,,,,,,,,,,,,,,,,,,,,,,,,,,,,,,,,,,,,,,,,,,,,,,,,
"boAt New Launch Rockerz 650 Pro, Touch/Swipe Controls, Dolby Audio, 80Hrs Battery, 2Mics ENx, Fast Charge, App Support, Dual Pair, Bluetooth Over Ear Headphones with Mic (Iris Black)",-67%,"₹8,990₹8,990","2,999.00",Cosmic Black,Over Ear,,,,,,,,Bluetooth,,,,,,,,,,,,,,,,,,,,,,,,,,,,,,,,,,Rockerz,,,,,,,,,,
"boAt Rockerz 512 ANC,(~40dB) Hybrid ANC, 80H Battery, 40mm Drivers, 40ms Low Latency, ENx Tech,Stream Ad Free Music via App Support, Bluetooth Headphones, Wireless Headphone with Mic (Cosmic Black)",-66%,"₹7,990₹7,990","2,699.00",Black,On Ear,,,,,,,Rockerz,,,,,,,,,,,,,,,,,,,,,,,,,,,,3.5mm Jack,,,,,,,,,,,,320 Ohm,,,,,
"Dyazo Computer Wired Headphones | Headset with Mic | 3.5 MM Jack | Compatible for Laptops, PC, Notebooks (Black)",-53%,₹999₹999,469,Green,In Ear,,,›,,,,,,,,,,,,,,,,,,,,,,,,,,,,,,,,Zeb-Bro(Green),,,,,,,,,,,,16 Ohm,,,,,
"ZEBRONICS Bro in Ear Wired Earphones with Mic, 3.5mm Audio Jack, 10mm Drivers, Phone/Tablet Compatible (Green)",-60%,"₹1,135.71₹1,135.71",159,Black,Over Ear,,,,,,USB,,,,,,,,,,,,,,,,,,,,,,,,,,,,,,,,,,,,,,,,,,,,,,
"boAt Rockerz 460, 30H Battery, 40mm Drivers, Beast Mode, ENx, Dual Pair, Adaptive Fit, Stream Ad Free Music via App Support, Bluetooth Headphones, Wireless Over Ear Headphone with Mic (Active Black)",-56%,"₹2,490₹2,490","1,099.00",Black,Over Ear,,,,,,,,,,,,,,,,,,,,,,,,,,,,,,,,,,,,,,,,,,,,,,,,,,,,
"Sony ULT Wear WH-ULT900N Noise Cancellation Wireless Bluetooth Over Ear Headphones with Massive Bass, Up to 50Hrs Battery-Black",-38%,"₹24,990₹24,990","15,525.00",Q Beige,Over Ear,,,,,,,,,,,,,,,,,,,,,,,,,,,,,,,,,,,,,,,,,,,,,,,32 Ohm,,,,,
"GOBOULT Q Over Ear Bluetooth Headphones with 70H Playtime, 40mm Bass Drivers, Zen™ ENC Mic, Type-C Fast Charging, 4 EQ Modes, AUX Option, IPX5 Headphones Wireless with mic (Beige)",-70%,"₹5,999₹5,999","1,799.00",Ash Grey,In Ear,,,,,,,,,,,,,,,,,,,,,,,,,,,,,,,,,,,,,,,,,,,,,,,,,,,,
"boAt Rockerz 113 (2025 Launch), 40 Hrs Playback, Dual Pair, Fast Charge, Enx Tech, Low Latency, Magnetic Buds, Bluetooth Neckband, Wireless with Mic in Ear Earphones(Ash Grey)",-68%,"₹2,490₹2,490",799,Black-Copper,Over Ear,,,,,,,,,,,,,,,,,,,,,60 hours(BT+ANC),,,,,,,,,,,,,,,,,,,,,,,,,,470 Ohm,,,,,
"Sennheiser Momentum 4 Wireless Over Ear Headphones, German Design, ANC, 60h Battery, Customizable Sound, 4 Digital Mics for Crystal-Clear Calls, Multipoint Connectivity, 2 Yr Warranty, Black/Copper",-26%,"₹34,990₹34,990","25,990.00",Black & Blue,On Ear,,,,,,,,,,,,,,,,,,,,,,,,,,,,,,,,,,,,,,,,,,,,,,,32 Ohm,,,,,
"HP H200 On Ear Wireless Headset, Black",-73%,"₹3,749₹3,749",999,Plasma,Over Ear,,,,,,,,,,,,,,,,,,,,,,,,,,,,,,,,,,,Crusher ANC 2,,,,,,,,,,,,32 Ohm,,,,,
"Skullcandy Crusher ANC 2 Over-Ear Wireless Headphones | Active Noise Cancellation, Sensory Bass, Dual Pairing, 50H Battery, Rapid Charge, Alexa Built-in | Plasma, Red",-69%,"₹64,999₹64,999","19,999.00",Black,On Ear,,,,,,,,,,,,,,,,,,,,,4.1,,,,,,,,,,,,,,,,,,,,,,,,,,32 Ohm,,,,,
Logitech H111 Wired On Ear Headphones With Mic Black,-27%,₹955₹955,695,Black,Over Ear,,,,,,,,,,,,,,,,,,,,,60 hours(BT+ANC),,,,,,,,,,,,,,,,,,,,,,,,,,560 Ohm,,,,,
"Sennheiser ACCENTUM Plus Wireless Over Ear Headphones,German Design,Adaptive ANC,50H Battery,Sound Personalization,Touch Control,Multipoint Connectivity,Clear Calls,10Min Charge = 5H,2Y Warranty,Black",-20%,"₹19,990₹19,990","15,990.00",,,,,,,,USB Jack,,Wired,,,,,,,,,,,,,,,,,,,,,,,,,,,Wired,,,,,,,,,,,,,,,,,1 Pack
"Amazon Basics Pro Series Wired USB On Ear Headset with Mic | 40 mm Driver | Computer/PC or Laptop Headphone | Noise Cancellation Microphone | in-line Control for Home, Office, Teams or Zoom, Black",-50%,"₹3,999₹3,999","1,999.00",Blue,Over Ear,,,,,,,,,,,,,,,,,,,,,,,,,,,,,,,,,,,,,,,,,,,,,,,0.03 Ohm,,,,,
"ZEBRONICS Boom Wired Headphone, Over Ear, in-Line MIC, Foldable, 1.5 Meter Cable, for 3.5mm (Mobile | Tablet | Laptop | MAC), Soft Cushion, 40mm Drivers (Blue)",-46%,"₹1,299₹1,299",699,WHITE,Over Ear,,,,,,,,,,,,,,,,,,,,,,,,,V5.0,,,,,,,,,,,,,,,,,,,,,,16 Ohm,,,,,
"soundcore by Anker Q20i Hybrid Active Noise Cancelling Headphones, Wireless Over-Ear Bluetooth, 40H Long ANC Playtime, Hi-Res Audio, Big Bass, Customize via an App, Transparency Mode (White)",-59%,"₹3,89,900.00₹3,89,900.00","3,899.00",Blue,Over Ear,,,,,,,,,,,,,,,,,,,,,,,,,,,,,,,,,,,,,,,,,,,,,,,200 Ohm,,,,,
"JBL Quantum 100 Wired Over Ear Gaming Headphones with Mic, 40mm Dynamic Drivers, Quantum Sound Signature, Detachable Mic, Memory Foam Cushioning, PC/Mobile/PS/Xbox/Nintendo/VR Compatible (Blue)",-50%,"₹3,999₹3,999","1,999.00",BLACK,Over Ear,,,,,›,,,,,,,,,,,,,,,,,,,,,,,,,,,,,,,,,,,,,HY-HD10,,,,,32 Ohm,,,,,
"hayden HY-HD10 Professional Studio Headphones Over-Ear, 50mm Drivers, Foldable, Lightweight, Dual Detachable Cables (2.8m Coiled & 1.2m with Mic) for DJ, Gaming, Recording, Mixing, Monitoring (Black)",-37%,"₹2,999₹2,999","1,899.00",Black,Over Ear,,,,,,,HY-HD10,,,,,,,,,,,,,,,,,,,,,,,,,,,,,,,,,,,SM50 Pro RD,,,,,32 Ohm,,,,,
CLAW SM50 Pro Professional Studio Monitoring DJ Wired Over Ear Headphones with 2 Detachable Cables (2.8m Coiled Cable & 1.2m Straight Cable with Mic and in-line Controls) (Black/RED),-11%,₹220.83₹220.83,"2,650.00",Jet Black,On Ear,,,,,,,,,,,,,,,,,,,,,,,,,,,,,,,,,,,,,,,,,,,,,,,32 Ohm,,,,,
"GOBOULT Flex On Ear Bluetooth Headphones with 80H Playtime, 40mm Bass Drivers, Zen™ ENC Mic, Type-C Fast Charging, Bluetooth 5.4, AUX Option, 60ms Low Latency, IPX5, Wireless Headphone (Jet Black)",-76%,"₹5,499₹5,499","1,299.00",White,On Ear,,,,,,,,,,,,,,,,,,,,,,,,,,,,,,,,,,,,,,,,,,,,,,,,,,,,
"soundcore by Anker H30i Wireless On-Ear Headphones, Foldable Design, Pure Bass, 70H Playtime, Bluetooth 5.3, Lightweight and Comfortable, App Connectivity, Multipoint Connection (White)",-75%,"₹5,998₹5,998","1,499.00",Black,Over Ear,,,,,,,,,,,,,,,,,,,,,"₹1,499.00₹1,499.00",,,,,,,,,,,,,,,,,,,,,,,,,,22 Ohm,,,,,
"Logitech H340 Stereo Wired Over Ear Headphones With Mic With Noise-Cancelling, Usb, Pc/Mac/Laptop - Black",-28%,"₹3,195₹3,195","2,299.00",Metalic Black,Over Ear,,,,,,,,,,,,,,,,,,,,,Built-in Mic and controls: Better design gives you more control. Take charge of your music and calls with the easy to use multi-function buttons,,,,,,,,,,,,,,,,,,,,,,,,,,32 Ohm,,,,,
Blaupunkt Newly Launched BH41 Bluetooth Wireless Over Ear Headphones I Long Playtime I 40MM Drivers I Foldable I Flexible & Light Weight I Built in Mic I TurboVolt Fast Charging,-63%,"₹1,29,900.00₹1,29,900.00","1,299.00",Black,Over Ear,,,,,,,,,,,,,,,,,,,,,4.5 out of 5 stars,,,,,,,,,,,,,,,,,,,,,,,,,,38 Ohm,,,,,
Audio-Technica Ath-M50X Wired Over Ear Headphones Without Mic (Black),-51%,"₹23,600₹23,600","11,498.00","Black,",Over Ear,,,,,,,,,,,,,,,,,,,,,,,,,,,,,,,,,,,,,,,,,,,,,,,18 Ohm,,,,,
"Sennheiser HD 400s Wired Over Ear Headphone with Built-in Microphone & Remote for Office Calls and Music Control, Lightweight & Foldable Design, Renowned Sound Quality, Detachable Cable",,"₹1,247.50₹1,247.50","4,990.00",Black,True Wireless,,,,,,,,,,,,,,,,,,,,,,,,,,,,,,,,,,,,,,,,,,,,,,,400 Ohm,,,,,
"HP H150 Wireless Earbuds, Compatible with Tablets, Smartphones, PCs, and Other Devices with Bluetooth,Noise-Reduction,Water Resistant Design,Black,0.036kg",-68%,"₹2,499₹2,499",790,"Black,",On Ear,,,,,,,,,,,,,,,,,,,,,,,,,,,,,,,,,,,,,,,,,,,,,,,32 Ohm,,,,,
"Razer BlackShark V2 X Wired Gaming On Ear Headset - Black|7.1 Surround Sound-50mm Drivers-Memory Foam Cushion-for PC,PS4,PS5,Switch,Xbox One,Xbox Series X|S,Mobile-3.5mm Audio Jack-RZ04-03240100-R3M1",-44%,"₹7,999₹7,999","4,466.00",Black,Over Ear,,,,,96 dB,,,,,,,,,,,,,,,,4.2 out of 5 stars,,,,,,,,,,,,,,,,,,,,,,,,4.2 out of 5 stars,,47 Ohm,,,,,
Audio-Technica ATH-M20x Over-Ear Professional Studio Monitor Headphones,-43%,"₹7,788₹7,788","4,449.00","Black,",On Ear,,,,,,,,,,,,,,,,,,,,,,,,,,,,,,,,,,,,,,,,,,,,,,,32 Ohm,,,,,
"Razer BlackShark V2 X Wired Gaming On Ear Headset - Black|7.1 Surround Sound-50mm Drivers-Memory Foam Cushion-for PC,PS4,PS5,Switch,Xbox One,Xbox Series X|S,Mobile-3.5mm Audio Jack-RZ04-03240100-R3M1",-44%,"₹7,999₹7,999","4,466.00",Black,Over Ear,,,,,,,,,,,,,,,,,,,,,,,,,,,,,,,,,,,,,,,,,,,,,,,32 Ohm,,,,,
"ZEBRONICS Thunder Max Bluetooth Over Ear Headphone with 120*Hrs Playback, 3 EQ Modes, 40mm Bass Driver, Fast Charging, Gaming Mode, Dual Pairing, BT v5.4, AUX, Metallic Finish (Black)",-56%,"₹2,499₹2,499","1,099.00",Carbon Black,On Ear,,,,,,,,,,,,,,,,,,,,,,,,,,,,,,,,,,,,,,,,,,,,,,,32 Ohm,,,,,
"Noise Airwave Max 5 Wireless Over-Ear Headphones with Adaptive Hybrid ANC (up to 50dB), HFA Tech, 80H Playtime, Dual Pairing(Carbon Black)",-25%,"₹5,999₹5,999","4,499.00",Black,On Ear,,,,,,,,,,,,,,,,,,,,,,,,,,,,,,,,,,,,,,,,,,,,,,,32 Ohm,,,,,
"ZEBRONICS Zeb-Thunder PRO On-Ear Wireless Headphone Up to 60 Hours Playback, Wired Mode, USB-C Type Charging(Black)",-48%,"₹1,899₹1,899",989,Marine Blue 100 HRS w/ ANC,In Ear,,,,,,,,,,,,,,,,,,,,,,,,,,,,,,,,,,,ANC(100 Hours),,,,,,,,,,,,,,,,,
"boAt Rockerz 255 ANC, 100HRS Battery, Spatial Audio, 32Db ANC, Fast Charge(10Mins=24HRS), 3Mics AI-Enx Tech, 13Mm Drivers, Bluetooth Neckband, in Ear Wireless with Mic Earphones (Marine Blue)",-77%,"₹6,990₹6,990","1,599.00",Blue (Zeb-Thunder),Over Ear,,,,,"Soft & comfortable earcups: Listen to music, podcasts and more for long hours with soft ear cups making it super comfortable for daily wear, All this with long playback time of 60 hours in BT mode.",,,,,,,,,,,,,,,,,,,,,,,,,,,,,,,,,,,,,,,,,,32 Ohm,,,,,
"ZEBRONICS Thunder Over Ear Bluetooth 5.3 Wireless Headphones with 60H Backup, Gaming Mode, Dual Pairing, Enc, Aux, Micro Sd, Voice Assistant, Comfortable Earcups, Call Function (Blue)",-33%,"₹1,199₹1,199",799,Black,Over Ear,,,,,,,,,,,,,,,,,,,,,,,,,,,,,,,,,,,,,,,,,,,,,,,50 Ohm,,,,,
"Sony MDR-M1 Wired High Resolution Monitor Over Ear Headphones, Closed Back Design for Audiophile",-50%,"₹39,990₹39,990","19,990.00",Copper,Over Ear,,,,,,,,,,,,,,,,,,,,,60 hours (BT+ANC),,,,,,,,,,,,,,,,,,,,,,,,,,,,,,,
"Sennheiser ACCENTUM Wireless Special Edition-Over Ear Headphones with Hybrid ANC,50 Hr Battery & Free BTD 600 Bluetooth Dongle Worth 5,990 Streaming & Crystal Clear Calls,Designed in Germany - Copper",-33%,"₹20,990₹20,990","13,990.00",Blue,Open Ear,,,,,,,,,,,,,,,,,,,,,,,,,V5.4,,,,,,,,,,›,,,,,,,,,,,,11 Ohm,,,,,
"soundcore V20i by Anker Open-Ear Headphones, Adjustable Ear Hooks, Ultra-Comfort, Snug Fit, 16mm Drivers, 4 Mics, IP55, LED Lights, 36H Playtime, Fast Charging,Bluetooth 5.4, Multipoint Connection",-75%,"₹7,998₹7,998","1,999.00",Beige,Over Ear,,,,,,,,,,,,,,,,,,,,,,,,,,,,,,,,,,,,,,,,,,,,,,,32 Ohm,,,,,
"ZEBRONICS Boom Wired Headphone, Over Ear, in-Line MIC, Foldable, 1.5 Meter Cable, for 3.5mm (Mobile | Tablet | Laptop | MAC), Soft Cushion, 40mm Drivers (Beige)",-46%,"₹1,299₹1,299",699,Black,Over Ear,,,,,,,,,,,,,,,,,,,,,,,,,V5.3,,,,,,,,,,›,,,,,,,,,,,,16 Ohm,,,,,
"soundcore by Anker,Space One Active Noise Cancelling Bluetooth Over Ear Headphones with Travel Pouch,2X Stronger Voice Reduction,40H ANC Playtime,App Control,Ldac Hi-Res,Ergo Design for Comfort Fit",-70%,"₹19,998₹19,998","5,999.00",Multicolor,,,,,,,,,Wired Type C,,,,,,,Devices with Type-C port,,,,,,,,,,,,"Dolby atmos, Multicolor Lights",,,,,,,,ZEB-BLITZ C Multicolor,,,,,,,,,,,,,,,,,
"ZEBRONICS Blitz C Dolby Atmos Gaming Over Ear Wired Headphone, 50Mm Neodymium Drivers, Padded Headband, Lightweight & Comfortable, RGB Lights, Flexible Mic, Type-C Connector, Black",-30%,"₹1,999₹1,999","1,399.00",Green,Over Ear,,,,,,,,,,,,,,,,,,,,,"✅ ENC for Clear Calling– Equipped with Environmental Noise Cancellation, these over-ear headphones ensure crystal-clear call quality by minimizing background noise during voice chats or meetings.",,,,,,,,,,,,,,Fluid X,,,,,,,,,,,,32 Ohm,,,,,
"Boult Newly Launched Fluid X Over Ear Headphones Bluetooth Wireless With 60H Playtime, 40Mm Bass Driver, Zen ENC Mic, Type-C Charging, Combat Gaming Mode, Btv 5.4, Headphones Wireless With Mic (Green)",-67%,"₹5,999₹5,999","1,999.00",Black,In Ear,,,,,,,,,,,,,,,,,,,,,,,,,,,,,,,,,,,,,,,,,,,,,,,30 Ohm,,,,,
"JBL C50HI, Wired in Ear Headphones with Mic, One Button Multi-Function Remote, Lightweight & Comfortable fit (Black)",-36%,₹699₹699,449,Midnight Blue,On Ear,,,,,,,,,,,,,,,,,,,,,,,,,,,,,,,,,,,,,,,,,,Noise 3,,,,,,,,,,
"Noise Airwave Max 3 Bluetooth On Ear Headphones with 70H Playtime, 40mm Driver, Low Latency(up to 45ms),Dual Pairing, BT v5.3 (Midnight Blue)",-69%,"₹5,499₹5,499","1,699.00",Neon Yellow (Zeb-Thunder),On Ear,,,,,,,Noise 3,,,,,,,,,,,,,,,,,,,,,,,,,,,,,,,,,,,,,,,,,,,,,
"ZEBRONICS Thunder Bluetooth Wireless On Ear Headphone FM, mSD, 60hrs Playback with Mic (Neon Yellow)",-43%,"₹1,399₹1,399",799,Black,Case,,,,,,,,,,,,,,,Headphones,,,,,,,,,,,,,,,,,,,,,,,,,,,,,,,,,,,,,
M.G.R.J® Portable Carrying Case Cover for Boat Rockerz 450 Bluetooth On Ear Headphones (Hard|EVA|Black),-69%,₹999₹999,309,Black,On Ear,,,,,,,,,,,,,,,,,,,,,,,,,,,,,,,,,,,,,,,,,,,,,,,,,,,,
PHILIPS Audio Upbeat Tauh201 Wired On Ear Headphones with Mic (Black),-31%,"₹1,599₹1,599","1,099.00",Beige (Zeb-Thunder Pro),Over Ear,,,,,,3.5 mm Jack,,,,,,,,,,,,,,,,,,,,,,,,,,,,,,,,,,,,,,,,,,,,,,
"ZEBRONICS Thunder PRO Over Ear Wireless Headphone with Dual Pairing, Gaming Mode, ENC, Bluetooth, Call Function, Aux, Micro SD, Voice Assistant, Deep Bass, Up to 60h Backup (Beige)",-47%,"₹1,899₹1,899",999,White,In Ear,,,,,,,,,,,,,,,,,,,,,,,,,,,,,,,,,,,,,,,,,,,,,,,45 Ohm,,,,,
"Portronics Conch Theta C in Ear Type C Wired Earphones with in Line HD Mic, Powerful Audio, 14.2mm Driver, Unique Earbuds Design, TPE Anti Tangle Wire, in line Controls, Wide Compatibility(White)",-69%,₹799₹799,249,Blue,In Ear,,,,,,,,,,,,,,,,,,,,,"High Call Quality with AI: With Precise Voice Pickup Technology, conversations are ultra clear, even in noisy environments. Our noise reduction algorithm uses AI machine learning to suppress ambient noise and extract your voice clearly.",,,,,,,,,,,,,,,,,,,,,,,,,,,,,,,
Sony WF-C710N | Dual Noise Cancellation Wireless Bluetooth in Ear Earbuds | AI Call Quality | 40Hrs Battery W/O ANC | 30Hrs Battery with ANC - Blue,-36%,"₹12,990₹12,990","8,378.00",Black,Over Ear,,,,,,,,,,,,,,,,,,,,,"Dual-Connections: Connect to two devices simultaneously with Bluetooth 5.0 and instantly switch between them. Whether you're working on your laptop, or need to take a phone call, audio will automatically play from the device you need to hear from.",,,,,,,,Previous page,,,,,,,,,,,,,,,,,,,,,,,
"soundcore by Anker Life Q30 Hybrid Active Noise Cancelling Bluetooth Headphones with Multiple Modes, Hi-Res Sound, Custom Eq Via App, 40H Playtime, Comfortable Fit, Multipoint Connection - Over Ear",-57%,"₹15,998₹15,998","6,896.00",Black,On Ear,,,,,,,,,,,,,,,,,,,,,,,,,,,,,,,,,,,,,,,,,,,,,,,32 Ohm,,,,,
"Zebronics Zeb-Storm On Ear Wired Headphone with 3.5mm Jack, Built in Microphone for Calling, 1.5 Meter Cable, Soft Ear Cushion, Adjustable Headband, Foldable Ear Cups and Lightweight Design (Black)",,"₹1,199.00₹1,199.00",799,White,On Ear,,,,,,,,,,,,,,,,,,,,,,,,,,,,,,,,,,,Tune510BT,,,,,,,,,,,,32 Ohm,,,,,
"JBL Tune 510BT, On Ear Wireless Headphones with Mic, up to 40 Hours Playtime, Pure Bass, Quick Charging, Dual Pairing, Bluetooth 5.0 & Voice Assistant Support for Mobile Phones (White)",-56%,"₹4,499₹4,499","1,999.00",Black,Over Ear,,,,,,,,,,,,,,,,,,,,,4.24.2 out of 5 stars,,,,,,,,,,,,,,,,,,,,,,,,,,,,,,,
"Audio-Technica Ath-M20Xbt Wireless Over-Ear Headphones, Bluetooth 5.0, 60-Hour Battery Life, 40 mm Drivers, Hi-Fi Sound, Built-in Mic, AAC/SBC Codec Support (Black)",-44%,"₹7,98,900.00₹7,98,900.00","7,989.00",Black,On Ear,,,,,,,,,,,,,,,,,,,,,Rapid Charge: 10 Minutes = 4 Hours,,,,,,,,,,,,,,,,,,,,,,,,,,,,,,,
"Skullcandy Riff 2 On-Ear Wireless Headphones, 34 Hr Battery, Microphone, Works with iPhone Android and Bluetooth Devices - Black",-76%,"₹16,999₹16,999","3,999.00",Sage Green,Over Ear,,,,,,,,,,,,,,,,,,,,,,,,,,,,,,,,,,,,,,,,,,,,,,,,,,,,
"boAt Rockerz 430 W/ 40Mm Drivers, Beast Mode W/ 40Ms Latency, 40Hrs Playback, Enx Tech, Voice Assistant, Btv5.4, Adaptive Fit & Easy Access Controls, Bluetooth Over Ear Headphones(Sage Green)",-48%,"₹2,490₹2,490","1,299.00",White,On Ear,,,,,,,,,,,,,,,,,,,,,,,,,,,,,,,,,,,,,,,,,,,,,,,24 Ohm,,,,,
"Sony MDR-ZX110A On Ear Stereo Wired Headphones (White), Without Mic",-43%,"₹1,390₹1,390",799,Black,Over Ear,,,,,,,,,,,,,,,,,,,,,,,,,,,,,,,,,,,,,,,,,,,,,,,,,,,,
"HyperX Cloud Stinger 2 Core Essential PC Gaming Wired Headset, Lightweight Over Ear Headset with mic, Swivel-to-Mute Function, 40mm Drivers (683L9AA), Black",-48%,"₹4,797₹4,797","2,499.00",Black,,,,,,,,,,,,,,,,,,,,,,"₹2,195.00₹2,195.00",,,,,,,,,,,,,,,,,,,,,,,,,,,,,,,
"Logitech G435 Light Speed and Lightweight Gaming Bluetooth Wireless Over Ear Headphones with Mic, 18H Battery, Compatible for Dolby Atmos, Pc, Ps4, Ps5, Mobile - (Black)",-47%,"₹9,595₹9,595","5,045.00",Black,On Ear,,,,,,,,,,,,,,,,,,,,,,,,,,,,,,,,,,,,,,,,,,,,,,,32 Ohm,,,,,
"Skullcandy Icon ANC On-Ear Wireless Bluetooth Headphones - Active Noise Cancelling, 60Hr Battery + Rapid Charge, Mic, Adjustable Stay-Aware Mode – Black",-73%,"₹7,99,900.00₹7,99,900.00","7,999.00",Teal Green (Zeb-Thunder),Over Ear,,,,,"Soft & comfortable earcups: Listen to music, podcasts and more for long hours with soft ear cups making it super comfortable for daily wear, All this with long playback time of 60 hours in BT mode.",,,,,,,,,,,,,,,,,,,,,,,,,,,,,,,,,,,,,,,,,,32 Ohm,,,,,
"ZEBRONICS Thunder Bluetooth 5.3 Wireless Over Ear Headphones with 60H Backup, Gaming Mode, Dual Pairing, Enc, Aux, Micro Sd, Voice Assistant, Comfortable Earcups, Call Function (Teal Green)",-53%,"₹1,699₹1,699",799,Furious Red,In Ear,,,,,,,,,,,,,,,,,,,,,,,,,,,,,,,,,,,,,,,,,,,,,,›,16 Ohm,,,,,
boAt Bassheads 100 in Ear Wired Headphones Earphones with Mic (Furious Red),-65%,₹999₹999,349,Black,Over Ear,,,,,,,,,,,,,,,,,,,,,,,,,,,,,,,,,,,,,,,,,,,,,,,32 Ohm,,,,,
"JBL Tour One M2 Adaptive Noise Cancelling Bluetooth Over Ear Headphones,Spatial Sound,Smart Ambient,50Hrs Playtime,BT 5.3 Le,Quick Charge,Multi Point Conectivity,Built-in Alexa,2 Years Warranty(Black)",-49%,"₹34,999₹34,999","17,999.00",Black,Over Ear,,,,,113,,,,,,,,,,,,,,,,,,,,,,,,,,,,,,,,,,,,,,,,,,,,,,,
K92 Closed Back Headphones,-53%,"₹6,748₹6,748","3,199.00","Black,",Over Ear,,,,,,,,,,,,,,,,,,,,,,,,,,,,,,,,,,,,,,,,,,,,,,,30 Ohm,,,,,
Razer BlackShark V2 X USB Wired Esports Gaming Headset: 7.1 Surround Sound - 50mm Drivers - 240g Lightweight Build - Noise Cancelling Mic - Hybrid Memory Foam Cushions - Black-RZ04-04570100-R3M1,-58%,"₹8,999₹8,999","3,799.00",Black,On Ear,,,,,,,,,,,,,,,,,,,,,,,,,,,,,,,,,,,Design 1,,,,,,,,,,,,,,,,,
"Amazon Basics RGB Wired Gaming On Ear Gaming Headphone, 2 Meter Braided Cable, with Mic, Breathable Fabric Earcups, Sleek Design, 3.5mm Connector (USB A only for RGB, Black)",-77%,"₹3,999₹3,999",929,Midnight Blue,In Ear,,,,,,No Jack,,,,,,,,,,,,,,,,,,,,,,,,,,,,,,,,,,,,,,,,,,,,,,
"boAt 2025 Launch Airdopes Plus 311,Glass Design,ENx Tech,50 H Battery, Fast Charge, Stream Ad Free Music via App Support, Bluetooth Earbuds, TWS Ear Buds Wireless Earphones with mic (Midnight Black)",-77%,"₹3,990₹3,990",899,Black- Purple,Over Ear,,,,,,,,,,,,,,,,,,,,,,,,,,,,,,,,,,,,,,,,,,,,,,,32 Ohm,,,,,
"Kreo Beluga V2 Wired Over Ear Gaming Headset, 50mm Oraphene Drivers, Duel Chamber, Flip to Mute Mic, Memory Foam Earpads, Lightweight Aluminum Built, PC, PS4, PSS Mobile",-44%,"₹4,500₹4,500","2,499.00",Red (Zeb-Thunder),Over Ear,,,,,"Soft & comfortable earcups: Listen to music, podcasts and more for long hours with soft ear cups making it super comfortable for daily wear, All this with long playback time of 60 hours in BT mode.",,,,,,,,,,,,,,,,,,,,,,,,,,,,,,,,,,,,,,,,,,32 Ohm,,,,,
"ZEBRONICS Thunder Bluetooth 5.3 Wireless Over Ear Headphones with 60H Backup, Gaming Mode, Dual Pairing, Enc, Aux, Micro Sd, Voice Assistant, Comfortable Earcups, Call Function (Red)",-43%,"₹1,399₹1,399",799,Blue,In Ear,,,,,,,,,,,,,,,,,,,,,,,,,,,,,,,,,,,,,,,,,,,,,,,,,,,,
"Portronics Harmonics Z5 Wireless Bluetooth Stereo Headset with 33Hrs Playtime, Double EQ Mode, 14.2 mm Dynamic Drivers, Click Action Buttons(Blue)",-75%,"₹2,499₹2,499",629,Blue & Green,Over Ear,,,,,,,,,,,"[Durable and Sturdy] The wired headphones are covered with Nylon braided cord, which is a tangle-free cable that prevents tugging or knotting. EarFun headband headphones can stand being squished in the bag or dropped, even with any tough twists and pulling. Please be assured that It's enough durable to use.",,,,,,,,,,,,,,,,,,,,,,,,,,,,,,,,,,,,32 Ohm,,,,,
"EarFun Kids Headphones with Mic for Boys and Girls, Over Ear HD Stereo Headphone for Children, 85/94dB Volume Limiter, Sharing Port, Foldable On Ear Headsets with Mic for School/Pad/PC/Travel, Blue",-38%,"₹2,099₹2,099","1,299.00","Black,",Over Ear,,,,,,,,,,,,,,,,,,,,,,,,,,,,,,,,,,,,,,,,,,,,,,,,,,,,
"Sennheiser HD 599 Special Edition Open‑Back Audiophile Headphones, German-Irish Craftsmanship, Detachable Cables, E.A.R. Technology for Wide Sound Field, Comfort-Fit for Gaming, 2‑Year Warranty",-48%,"₹20,990₹20,990","10,990.00",Black,Over Ear,,,,,,,,,,,,,,,,,,,,,"Adjustable Noise-Cancelling Microphone- Ant Esports Stealth 10 wireless headset is equipped with a sensitive, adjustable microphone and noise-cancelling technology. Its excellent noise control effectively eliminates background noise while capturing your voice clearly, ensuring clear communication during gameplay with real-time, lag-free chats. The long, flexible microphone can be adjusted up to 120°, offering a more comfortable fit.",,,,,,,,,,,,,,,,,,,,,,,,,,,,,,,
"Ant Esports Stealth 10 Wireless Gaming Headset with Noise Cancelling Microphone for PC, PS5, PS4, Mac, 2.4 GHz Wireless & BT 5.4 Gaming Headphones, Cool RGB Lighting, 35Hr Battery, 50mm Drivers-Black",-22%,"₹2,999₹2,999","2,349.00",Black,Over Ear,,,,,,,,,,,,,,,,,,,,,,,,,,,,,,,,,,,,,,,,,,,,,,,,,,,,
"Sennheiser HD 450BT Wireless Headphones, German Design, ANC, Alexa Built-in, 30H Battery, Comfortable & Lightweight Over Ear Design, Built-in Mic for Clear Calls, Fast Charging, 2Y Warranty, Black",-33%,"₹14,990₹14,990","9,990.00",Black,Over Ear,,,,,113,,,,,,,,,,,,,,,,,,,,,,,,,,,,,,,,,,,,,,,,,,32 Ohm,,,,,
K72 Closed Back Studio Headphones,-52%,"₹5,965₹5,965","2,879.00",White,Over Ear,,,,,,,,,,,,,,,,,,,,,,,,,,,,,,,,,,,,,,,,,,,,,,,32 Ohm,,,,,
SpinBot Ranger HX300 Wireless Bluetooth Over The Ear Headphones with up to 50ms Low Latency and Flip Boom Mic | 7 Mode RGB Lights | Dedicated Game Mode | Up to 18 Hours of Battery Backup (White),-43%,"₹2,999₹2,999","1,699.00",Black - Hard Shell EVA,Case,,,,,,,,,,,,,,,Headphones,,,,,,,,,,,,,,,,,,,,,,,,,,,,,,,,,,,,,
"Amazon Basics Hard Shell EVA Headphone Carrying Case for Universal Oversized Over-Ear Headset, Shockproof, Water Repellent, Anti-Pressure Portable Protective Pouch/Storage Bag, Black",-58%,"₹1,299₹1,299",549,Obsidian Grey,In Ear,,,,,,,,,,,,,,,,,,,,,,,,,,,,,,,,,,,,,,,,,,,,,,,,,,,,
"boAt Airdopes Prime 701 ANC (2025 Launch),46dB Hybrid ANC, 50Hr Battery, Real Spatial Audio,Multidevice Connect,App Support, Bluetooth Earbuds, TWS Ear Buds Wireless Earphones with mic (Obsidian Grey)",-72%,"₹7,990₹7,990","2,199.00",Black,Over Ear,,,,,,,,,,,,,,,,,,,,,,,,,,,,,,,,,,,,,,,,,,,,,,,30 Ohm,,,,,
"ZEBRONICS SILENCIO 111, Wireless Headphone, Hybrid ANC (50dB), 55*Hrs Backup, Transparency Mode, 40mm Titanium Drivers, 3 EQ Modes, ENC, Gaming Mode, Dual Pairing, Rapid Charge, Bluetooth v5.4 (Black)",,"₹1,999.00₹1,999.00","1,099.00",White,Over Ear,,,,,,,,,,,,,,,,,,,,,4.24.2 out of 5 stars,,,,,,,,,,,,,,,,,,,,,,,,,,,,,,,
"Bose New QuietComfort Ultra Wireless Noise Cancelling Headphones with Spatial Audio, Over-The-Ear Headphones with Mic, Up to 24 Hours of Battery Life, White Smoke",,"₹34,990.00₹34,990.00","35,900.00",Black (Zeb-Envy 2),Over Ear,,,,,,,,,,,,,,,,,,,,,,,,,,,,,,,,,,,,,,,,,,,,,,,,,,,,
"ZEBRONICS Envy 2, Wireless Over Ear Headphone, ENC, Upto 65* Hours Playback, Gaming Mode, Dual Pairing, Bluetooth v5.3, AUX, Call Function, Voice Assistant, Foldable Design, Detachable Mic (Black)",-48%,"₹3,299₹3,299","1,699.00",WHITE,Over Ear,,,,,,,,,,,,,,,,,,,,,,,,,,,,,,,,,,,,,,,,,,,,,,,32 Ohm,,,,,
Armor Version.H1 Wired Over Ear Gaming Headphones with Mic (Detachable) | 50mm Neodymium Drivers with 7.1 Surround Sound & Noise Cancellation | RGB Loop Lights & Type C | for PC/PS/Xbox/Nintendo,-13%,"₹3,999₹3,999","3,499.00",Black,On Ear,,,,,,,,,,,,,,,,,,,,,,,,,,,,,,,,,,,,,,,,,,,,,,,,,,,,
"Skullcandy Cassette Bluetooth 5.0 On-Ear Wireless Headphones with Mic, 22Hr Playtime, Rapid Charge, Collapsible Design – Black",-69%,"₹7,999₹7,999","2,499.00",Black,On Ear,,,,,,,,,,,,,,,,,,,,,,,,,,,,,,,,,,,,,,,,,,,,,,,24 Ohm,,,,,
Sony ZX Series MDR-ZX310AP Wired Headband Stereo On Ear Headset -Black,-54%,"₹2,190₹2,190",999,"Ivory,",Over Ear,,,,,,,,,,,,,,,,,,,,,,,,,,,,,,,,,,,HD 599 Wired,,,,,,,,,,3m detachable cable,,50 Ohm,,,,,
"Sennheiser HD 599 Open‑Back Audiophile Headphones, German-Irish Craftsmanship, Wide Soundstage, Detachable Cables, Ergonomic acoustic refinement design, Comfort-Fit for Gaming, 2‑Year Warranty",-48%,"₹20,990₹20,990","10,990.00",White,On Ear,,,,,,,,,,,,,,,,,,,,,,,,,,,,,,,,,,,,,,,,,,,,,,,32 Ohm,,,,,
"Zebronics Storm Wired On Ear Headphone with 3.5mm Jack, Built-in Microphone for Calling,1.5 Meter Cable, Soft Ear Cushion, Adjustable Headband,Foldable Ear Cups(White)",-38%,₹799₹799,499,Black,On Ear,,,,,,,,,,,,,,,,,,,,,"₹1,499.00₹1,499.00",,,,,,,,,,,,,,,,,,,,,,,,,,100 Ohm,,,,,
"Logitech H390 Wired Headset for PC/Laptop, Stereo Headphones with Noise Cancelling Microphone, USB-A, in-Line Controls, Works with Chromebook - Graphite",-45%,"₹5,295₹5,295","2,899.00",White,In Ear,,,,,,USB,,,,,,,,,,,,,,,,,,,,,,,,,,,,,Tune 310C,,,,,,,,,,,,,,,,,
"JBL Tune 310 Wired in Ear Type C Headphones, Hi-Res Audio with Digital-to-Analog Converter, 3-Button EQ Preset Remote with Microphone, Tangle-Free Flat Cable, Compatible with USB-C Devices (White)",-37%,"₹1,999₹1,999","1,257.00",Black,Over Ear,,,,,,,,,,,,,,,,,,,,,,,,,,,,,,,,,,,,,,,,,,Monitor III,,,,,,,,,,
Marshall Monitor III Active Noise Canceling Over Ear Bluetooth Headphones,,"₹34,990.00₹34,990.00","29,999.00",Fern Green,In Ear,,,,,,,Monitor III,,,,,,,,,,,,,,,,,,,,,,,,,,,,,,,,,,,,,,,,32 Ohm,,,,,
"boAt Rockerz 110/Rockerz 109 Wireless in Ear Neckband with Up to 60 Hrs Playtime,Dual Device Pairing,Enx Tech,Beast Mode,ASAP Charging,Btv5.3,IPX5,Type-C Interface & Magnetic Power Buds(Fern Green)",-68%,"₹2,490₹2,490",799,Cyan,Over Ear,,,,,,USB 2.0,,,,,,,,,₹99.00₹99.00,,,,,,,,,,,,,,,,,,,,,,,,,,,,,,,,,,,,,
"HAMMER Blaze Wired Over Ear Gaming Headphones with Mic, 50mm Drivers, Full RGB Lights, Gaming Headset with Adjustable Bands, Breathable earcushion, 1.5Mtr Wire with USB (Cyan)",-82%,"₹8,999₹8,999","1,599.00",Black,Over Ear,,,,,,,,,,,,,,,,,,,,,,,,,,,,,,,,,,,,,,,,,,,,,,,32 Ohm,,,,,
"ZEBRONICS Zeb-Dynamic with Bluetooth Supporting Headphone, Aux Input, Call Function and Media/Volume Control",-56%,"₹1,799₹1,799",799,White,Over Ear,,,,,,,,,,,,,,,,,,,,,4.34.3 out of 5 stars,,,,,,,,,,,,,,,,,,,,,,,,,,,,,,,
"Bose New QuietComfort Wireless Noise Cancelling Headphones, Bluetooth Over Ear Headphones with Up to 24 Hours of Battery Life - White",,"₹34,990.00₹34,990.00","27,900.00",Black,Over Ear,,,,,,,,,,,,,,,,,,,,,60 hours(BT+ANC),,,,,,,,,,,,,,,,,,,,,,,,,,560 Ohm,,,,,
"Sennheiser Accentum Wireless Bluetooth Over Ear Headphones with Mic -Designed in Germany Audio,50Hr Battery,10 Min Quick Charge = 5Hr Playback,Hybrid ANC",-13%,"₹14,990₹14,990","12,989.00",Black,In Ear,,,,,,›,,,,,,,,,,,,,,,,,,,,,,,,,,,,,,,,,,,,,,,,,16 Ohm,,,,,
boAt Bassheads 105 Wired in Ear Earphones with Mic (Black),-60%,₹999₹999,399,Black,Over Ear,,,,,,,,,,,,,,,,,,,,,3.73.7 out of 5 stars,,,,,,,,,,,,,,"Compatibility: Works seamlessly with PC, PS4, PS5, mobiles, tablets, laptops, and Xbox, providing versatile use across all your favorite devices.",,,,,,,,,,,,16 Ohm,,,,,
"Cosmic Byte Immortal 2.4Ghz Wireless + Bluetooth + Wired Headphone, 20ms Latency, 40Hrs Battery Life, 50mm Driver, RGB LED, Fabric Cushions, Detachable ENC Microphone (Black)",-65%,"₹5,999₹5,999","2,099.00",Blue,In Ear,,,,,,,,,,,,,,,,,,,,,Sound Quality : DSEE restores high frequency sounds lost in compression,,,,,,,,,,,,,,,,,,,,,,,,,,,,,,,
"Sony WI-C100 Wireless Headphones with Customizable Equalizer for Deep Bass & 25 Hrs Battery, DSEE-Upscale, Splash Proof, 360RA, Fast Pair, in Ear Bluetooth Headset with Mic for Phone Calls (Blue)",-39%,₹84.95₹84.95,"1,699.00",Olive Green (Zeb-Thunder Pro),Over Ear,,,,,,,,,,,,,,,,,,,,,,,,,,,,,,,,,,,,,,,,,,›,,,,,,,,,,
"ZEBRONICS Thunder Pro Wireless Over Ear Headphone with Dual Pairing, Gaming Mode, Enc, Bluetooth, Call Function, Aux, Micro Sd, Voice Assistant, Deep Bass, Up to 60H Backup (Olive Green)",-53%,"₹1,899₹1,899",899,Blue,Over Ear,,,,,,,,,,,,,,,,,,,,,,,,,,,,,,,,,,,TUNE760NC,,,,,,,›,,,,,32 Ohm,,,,,
"JBL Tune 760NC, Wireless Over Ear Active Noise Cancellation Headphones with Mic, Upto 50 Hours Playtime, Multi-Device Connectivity, Pure Bass, AUX & Voice Assistant Support for Mobile Phones (Blue)",-31%,"₹7,999₹7,999","5,498.00",White,,,,,,,3.5 mm Jack,,,Bluetooth,,,,,,,,,,,,,,,,,,,,,,,,,,,,,,,,,G+ Headphones White,,,,,,,,,,
"GM G+ Headphones, Over The Ear Headphones with Mic, BT 5.3, Pure Bass, 45ms Low Latency, Dual Pairing, 4 Play Modes (FM, Radio, SD Aux) 55H Playtime - White",-53%,"₹3,299₹3,299","1,549.00",Black,Over Ear,,,,,,,G+ Headphones White,,,,,,,,,,,,,,,,,,,,,,,,,,,,,,,,,,,,,,,,32 Ohm,,,,,
"amazon basics Wired Over Ear Gaming Headphones mic for PC, Laptop | Static RGB | (Black)",-60%,"₹2,499₹2,499",999,White,Over Ear,,,,,,,,,,,,,,,,,,,,,,,,,,,,,,,,,,,,,,,,,,,,,,,,,,,,
"Skullcandy Hesh ANC Over-Ear Wireless Headphones, 22Hr Battery, Active Noise Cancellation, Ambient Mode, Rapid Charge, 4-Mic System – Mod White",-80%,"₹5,99,900.00₹5,99,900.00","5,999.00",Hazel Beige,Over Ear,,,,,,,,,,,,,,,,,,,,,,,,,,,,,,,,,,,,,,,,,,,,,,,,,,,,
"boAt Rockerz 551 ANC Pro(2025 Launch),42Db Hybrid Adaptive,App Support,72Hrs Battery,40Mm Titanium Drivers,Enx Tech,Foldable Cups Bluetooth Over Ear Headphone,Wireless Headphone with Mic(Hazel Beige)",-56%,"₹8,990₹8,990","3,999.00",Black,In Ear,,,,,,,,,,,,,,,,,,,,,,,,,,,,,,,,,,,Endurance Run-2,,,,,,,,,,,,,,,,,
"JBL Endurance Run 2, Sports in Ear Wired Earphones with Mic, Pure Bass, Sweatproof, Flexsoft eartips, Magnetic Earbuds, Fliphook & TwistLock Technology with Voice Assistant Support for Mobiles (Black)",-44%,"₹1,799₹1,799",999,Bone Seafoam,Over Ear,,,,,,,,,,,,,,,,,,,,,,,,,,,,,,,,,,,,,,,,,,,,,,,32 Ohm,,,,,
"Skullcandy Grom Over-Ear Wired Headphones for Kids, Volume-Limiting, Share Audio Port, Microphone, Work with Bluetooth Devices and Computers- Bone Seafoam",-69%,"₹7,999₹7,999","2,499.00",Pink,In Ear,,,,,,,,,,,,,,,,,,,,,,,,,5.3,,,,,,,,,,,,,,,,,,,,,,,,,,,
"boAt Airdopes 311 Pro, 50H Battery, Fast Charge, Dual Mics ENx Tech, Transparent LID, Low Latency, IPX4, IWP Tech, BT v5.3, Wireless TWS in Ear Earbuds with mic (Lavender Rush)",-82%,"₹4,990₹4,990",899,White,In Ear,,,Show More,,,3.5 mm Jack,,,,,,,,,,,,,,,,,,,,,,,,,,,,,,,,,,,,,,,,,,,,,,
"FRONTECH Wired Over-Ear Multimedia Headphones with Mic | 3.5mm Single Audio Jack| Adjustable Headband & Soft Cushions | Compatible with PC, Laptop & Mobile – White & Blue (HF-3452)",-66%,"₹41,900.00₹41,900.00",419,Black,,,,,,,,,,,,Faux Leather,,,,JBL Infinity Glide 500 & 700 Headphones,,,,,,,,,,,,,,,,,,,,,,,,,,,,,,,,,,,,,1.00 Count
"Street27® Ear Pads Replacement Compatible with JBL Infinity Glide 500 & 700, Boat Rockerz 600/610 Headphones, Protein Leather, Soft Memory Foam Earpads Cushions - Black",-65%,₹849₹849,298,Black,On Ear,,,,,,,,,,,,,,,,,,,,,,,,,,,,,,,,,,,,,,,,,,,,,,,,,,,,
"ZEBRONICS Duke 2 PRO, On Ear Wireless Headphone, 50 Hours Playback, ENC, Rapid Charging, Dual Pairing, 3 EQ Modes, Bluetooth v5.4, Call Function, Voice Assistant, Gaming Mode (Black)",-63%,"₹2,999₹2,999","1,099.00",Black,Over Ear,,,,,,,,,,,,,,,,,,,,,30 hours BT,,,,,,,,,,,,,,,,,,,,,,,,,,28 Ohm,,,,,
"Sennheiser HD 350BT Wireless Headphones, German Design, Upto 30H Battery, Comfortable & Lightweight Over Ear Design, Built-in Mic for Clear Calls, Fast Charging, 2Y Warranty, Black",-22%,"₹8,990₹8,990","6,990.00",Black,Over Ear,,,,,,,,,,,,,,,,,,,,,,,,,,,,,,,,,,,,,,,,,,,,,,,32 Ohm,,,,,
"Jabra Evolve 10, On Ear Noise Cancellation Mic with Fully Adjustable Boom Arm and USB-A Connectivity Stereo Headset, Black",-47%,"₹5,550₹5,550","2,949.00",White,In Ear,,,,,,,,,,,,,,,,,,,,,3.13.1 out of 5 stars,,,,,,,,,,,,,,,,,,,,,,,,,,,,,,,
"OOGE Echo 300 Wireless Bluetooth Headphones (White) | 10mm Drivers, Soft Cushions, Balanced Acoustic Sound, AUX Support, Bluetooth 5.3, Long Battery Life, Foldable, Lightweight, Clear Audio",-61%,"₹97,000.00₹97,000.00",970,Black,Over Ear,,,,,,,,,,,,,,,,,,,,,,,,,,,,,,,,,,,,,,,,,,,,,,,32 Ohm,,,,,
"FRONTECH Multimedia Wired Headphone with Mic| Volume Control| Dynamic Sound| Adjustable Height| 40mm Speaker| USB Plug (HF-3451, Black)",-44%,"₹1,400₹1,400",789,Blue,On Ear,,,,,,,,,,,,,,,,,,,,,,,,,,,,,,,,,,,,,,,,,,,,,,,32 Ohm,,,,,
"ZEBRONICS Zeb-Storm Wired On Ear Headphone with 3.5mm Jack, Built in Microphone for Calling, 1.5 Meter Cable, Soft Ear Cushion, Adjustable Headband, Foldable Ear Cups and Lightweight Design (Blue)",-38%,₹799₹799,499,Black,In Ear,,,,,,,,,,,,,,,,,,,,,,,,,,,,,,,,,,,,,,,,,,,,,,,28 Ohm,,,,,
"Sennheiser CX 80s Wired in Ear Earphones with in-Line Microphone, Superior Sound, One Button Smart Control, Lightweight Design, 3.5mm Jack, 3 Ear Tip Sizes, 2Y Warranty, Black",-32%,"₹2,490₹2,490","1,690.00",multi,Over Ear,,,,,,,,,,,,,,,,,,,,,,,,,,,,,,,,,,,unicorn blue headphone,,,,,,,,,,,,32 Ohm,,,,,
Tera13 Unicorn Over Ear Wired Headphones with Adjustable Headband 3.5 mm Jack & Mic for Kids Birthday Gift/Work from Home | E-Learning/Online Classes with Mic (Unicorn Blue Headphone),-5%,₹449₹449,428,Black,Over Ear,,,,,110,,,,,,,,,,,,,,,,,,,,,,,,,,,,,,,,,,,,,,,,,,32 Ohm,,,,,
K52 Closed Back Headphones,-51%,"₹5,401₹5,401","2,649.00",Black,Over Ear,,,,,,,,,,,,,,,,,,,,,,,,,,,,,,,,,,,,,,,,,,,,,,,32 Ohm,,,,,
"JBL Tune 720BT Wireless Over Ear Headphones with Mic, Pure Bass Sound, Upto 76 Hrs Playtime, Speedcharge, Dual Pairing, Customizable Bass with Headphones App, Lightweight, Bluetooth 5.3 (Black)",-18%,"₹6,079₹6,079","4,999.00",Black,Over Ear,,,,,,,,,,,,,,,,,,,,,,,,,,,,,,,,,,,,,,,,,,,,,,,64 Ohm,,,,,
Sennheiser Professional Audio HD 280 PRO Wired Over Ear Headphones without microphone,-31%,"₹1,622.50₹1,622.50","6,490.00","White,",Over Ear,,,,,,,,,,,,,,,,,,,,,,,,,,,,,,,,,,,Over Ear 350BT,,,,,,,,,,,,,,,,,
"Sennheiser HD 350BT Wireless Headphones, German Design, Upto 30H Battery, Comfortable & Lightweight Over-Ear Design, Built-in Mic for Clear Calls, Fast Charging, 2Y Warranty, White",-7%,"₹7,490₹7,490","6,990.00",White,On Ear,,,,,,,,,,,,,,,,,,,,,4.14.1 out of 5 stars,,,,,,,,,,,,,,INZONE H9/White,,,,,,,,,,,,32 Ohm,,,,,
"Sony INZONE H9, WH-G900N Wireless Noise Cancelling Gaming Headset, Over Ear Headphones with 360 Spatial Sound, 32 Hours Battery Life, Flip to Mute Mic, Mobile, Laptop, PS5 & PC Compatible (White)",-21%,"₹27,990₹27,990","21,990.00",Black,Over Ear,,,,,,,,,,,,,,,,›,,,,,,,,,,,,,,,,,,,Black,,,,,,,,,,,,,,,,,
"HyperX Cloud Stinger 2 Greatness Refined, Lightweight Wired Over Ear Headset with mic, Swivel-to-Mute Function, 50mm Drivers, PC Compatible - Black (519T1AA)",-51%,"₹6,097₹6,097","2,999.00",Black,Over Ear,,,,,,,,,,,,,,,,,,,,,3.73.7 out of 5 stars,,,,,,,,,,,,,,,,,,,,,,,,,,32 Ohm,,,,,
"Cosmic Byte Inferno 2.4Ghz Wireless + Bluetooth + Wired Headphone, Dual Mode, 20ms Latency, 40Hrs Battery Life, 50mm Driver, ENC Microphone, Breathable Fabric Cushions (Black)",-59%,"₹6,999₹6,999","2,899.00",Black,Over Ear,,,,,,,,,,,,,,,,,,,,,,,,,,,,,,,,,,,,,,,,,,,,,,,,,,,,
"amazon basics Tri-Mode Wireless RGB Gaming Headphones with Detachable Mic,Volume Scroller,Microphone On/Off Button,Type-C Charging Jack, for PC and Laptop. (Black)",-45%,"₹3,999₹3,999","2,199.00",Black,Over Ear,,,,,,,,,,,,,,,,,,,,,,,,,,,,,,,,,,,,,,,,,,,,,,,,,,,,
Skullcandy Hesh EVO Over Ear True Black.,-70%,"₹6,99,900.00₹6,99,900.00","6,999.00",Black,Over Ear,,,,,,,,,,,"Dual 3.5mm Audio Jack And 1 USB Plug for Customization: The Headset Is Designed to Suit Your Needs- It Comes With 2*3.5mm Jack- When in Game Mode or Interaction Mode, Connect Both the Jack (Audio, Mic) and USB For RGB Lighting Effect on Headset. When You Need to Enjoy Your Favourite Music or Watch Movie Just Connect the Audio Jack and Be Lost in The Realistic Sound",,,,,,,,,,,,,,,,,,,,,,,,,,,,,,,,,,,,,,,,,
Ant Esports H525 Pro RGB Gaming Headset Gaming Over Ear Wired Headphones with Mic| 2 * 3.5MM Jack + USB for RGB Light |50 MM Drivers | Compatible with PC/ PS4/Xbox One/Nintendo/Mobile_Black,-72%,"₹2,999₹2,999",849,Pink,Over Ear,,,,,,,,,,,,,,,,›,,,,,,,,,,,,,,,,,,,,,,,,,,,,,,,32 Ohm,,,,,
"iClever BTH13 Bluetooth Kids Headphones with Mic, Over Ear Headphone Wireless Cat Ear Headphones for Girls Birthday Gift Safe Volume Limited, 45H Playtime Portable Headset for Tablet/PC, Pink",-35%,"₹3,999₹3,999","2,609.00",Black,On Ear,,,,,,,,,,,,,,,,,,,,,,,,,,,,,,,,,,,,,,,,,,,,,,,32 Ohm,,,,,
"HP H300 Over Ear Wireless Headset, Black",-68%,"₹3,749₹3,749","1,199.00",Black,Over Ear,,,,,,,,,,,,,,,,,,,,,,,,,,,,,,,,,,,,,,,,,,Show More,,,,,,,,,,
beyerdynamic Dt 770 Pro 250 Ohm Studio Wired Over Ear Headphones (Black),-19%,"₹18,556₹18,556","15,027.00",Black,Over Ear,,,,,,,,,,,,,,,,,,,,,4.34.3 out of 5 stars,,,,,,,,,,,,,,,,,,,,,,,,,,,,,,,
"HyperX Cloud Stinger 2 Wireless Over Ear Gaming Headset Compatible with Pc. Noise-Cancelling Swivel-to-Mute Microphone,Comfortable Memory Foam,Up to 20 Hours of Battery Life (676A2Aa), Black",-44%,"₹11,427₹11,427","6,419.00",Cream,On Ear,,,,,,,,,,,,,,,,,,,,,,,,,,,,,,,,,,,,,,,,,,,,,,,,,,,,
"Marshall Major V Wireless On Ear Headphones, Cream.",,"₹34,990.00₹34,990.00","14,999.00",Black,Over Ear,,,,,98 dB,,,,,,,,,,,,,,,,,,,,,,,,,,,,,,,,,,,,,,,,,,35 Ohm,,,,,
Audio-Technica ATH-M40X Professional Studio Monitor Over-Ear Headphones (Black),-40%,"₹16,520₹16,520","9,898.00",Blue,In Ear,,,,,,,,,,,,,,,,,,,,,,,,,,,,,,,,,,,,,,,,,,,,,,,32 Ohm,,,,,
"LUMIFORD U55 in-Ear Wired Earphones with Built-in mic | 3.5 mm Earphones with Effective Bass 10mm Dynamic Drivers, Passive Noise Cancellation, & 1.3m Tangle Free Cable with Volume Controllers (Blue)",-69%,₹699₹699,219,Black,Over Ear,,,,,,,,,,,,,,,,,,,,,,,,,,,,,,,,,,,,,,,,,,,,,,,,,,,,
beyerdynamic DT 990 PRO Over Ear Wired Studio Headphones (Black),-10%,"₹19,888₹19,888","17,828.00",Black,In Ear,,,,,,,,,,,,,,,,,,,,,,,,,,,,,,,,,,,,,,,,,,,,,,,,,,,,
"Portronics Conch Gama in-Ear Wired Earphone, 1.2m Tangle Free Cable, in-Line Mic, Noise Isolation 3.5mm Aux Port and High Bass(Black)",-59%,₹599₹599,248,Black,Over Ear,,,,,,,,,,,,,,,,,,,,,,,,,,,,,,,,,,,K20,,,,,,,,,,,,20 Ohm,,,,,
"PunnkFunnk K20 Gaming Wired Over Ear Gaming Headphones with Mic, Compatible with Ps4, Xbox One, Nintendo Switch, Pc, Mac, Laptop, Black",-79%,₹855.00₹855.00,855,K8 Black,Over Ear,,,,,,,,,,,ABS K8,,,,,,,,,,,,,,Speaker,,,,,,,,,,,,,,,,,,,,,,32 Ohm,,,,,
WK LIFE BORN TO LIVE- K8-BIS Certified 5.3V with Type C Jack Wireless/Wired Kids Headphones with Mic for Girls/Boys Gifts Cat Ear Bluetooth Online Learning School- Black,-56%,"₹3,599₹3,599","1,576.00",Black,In Ear,,,,,,,,,,,,,,,,,,,,,,,,,,,,,,,,,,,Jumbo Lite (Black),,,,,,,,,,,,,,,,,
"ZEBRONICS Jumbo LITE with 70 Hours Backup, Bluetooth v5.2 in Ear Wireless Neckband, Fast Charging, ENC Calling, Gaming Mode(Upto 50ms), Voice Assistant, Dual Pairing, Splash Proof, and Type C(Black)",-80%,"₹2,999₹2,999",599,Red,Over Ear,,,,,,3.5 mm Jack,,,,,,,,,,,,,,,,,,,,,,,,,,,,,,,,,,,,,,,,,,,,,,
"HyperX Cloud Iii – Wired Gaming Over Ear Headset, Pc, Ps5, Xbox Series X|S, Angled 53Mm Drivers, DTS, Memory Foam, Durable Frame, Ultra-Clear 10Mm Mic, USB-C, USB-A, 3.5Mm – Black/Red (727A9Aa)",-41%,"₹11,037₹11,037","6,499.00",Black,In Ear,,,,,,,,,,,,,,,,,,,,,,,,,,,,,,,,,,,,,,,,,,S2DUL-J448,,,,,16 Ohm,,,,,
"Skullcandy Jib in-Ear Wired Earbuds with Mic, 3.5mm Jack, Supreme Sound, Noise Isolation, Detachable Cable, Works with Phones, Laptops & PCs (Black)",-50%,₹999₹999,499,"Black,",On Ear,,,,,,,,,,,,,,,,,,,,,2 Years Manufacturer Warranty,,,,,,,,,,,,,,,,,,,,,,,,,,,,,,,
Razer Barracuda X (2022) - Wireless Multi-Platform Gaming and Mobile Headset - Black - FRML Packaging RZ04-04430100-R3M1,-50%,"₹14,999₹14,999","7,494.00",Dyno Silver,In Ear,,,,,,,,,,,,,,,,,,,,,,,,,,,,,,,,,,,,,,,,,,,,,,,32 Ohm,,,,,
"GOBOULT x Mustang Dyno TWS Earbuds with 60H Playtime, App Support, Dual Pairing, 4 Mics ENC, 45ms Low Latency, 13mm Drivers, Touch Controls, Made in India, IPX5 Ear Buds Wireless (Silver)",-74%,"₹4,999₹4,999","1,299.00",Blue,On Ear,,,,,,USB-C Jack,,,,,,,,,,,,,,,,,,,,,,,,,,,,,,,,,,,,,,,,,,,,,,
"JBL Tune 520C On Ear Type C Wired Headphone, Pure Bass Sound,3-Button Remote with Microphone,Comfort Fit and Foldable Design(Blue)",-60%,"₹4,999₹4,999","1,999.00",Blue,In Ear,,,,,,,,,,,,,,,,,,,,,,,,,,,,,,,,,,,Zeb- Buds C10 (Dark Blue),,,,,,,,,,,,,,,,,
"ZEBRONICS Buds C10 in Ear Type-C Wired Headphones with in-Line Mic, Metallic Design, Volume Control, 1.2M Cable, 10Mm Driver, (Dark Blue)",-70%,₹999₹999,299,White,In Ear,,,,,,,,,,,,,,,,,,,,,,,,,,,,,,,,,,,,,,,,,,,,,,,16 Ohm,,,,,
"JBL C100SI Wired In Ear Headphones with Mic, JBL Pure Bass Sound, One Button Multi-function Remote, Premium Metallic Finish, Angled Buds for Comfort fit (White)",-58%,"₹1,299₹1,299",549,Red,Over Ear,,,,,,,,,,,,,,,,,,,,,,,,,,,,,,,,,,,,,,,,,,,,,,,,,,,,
"ZEBRONICS DUKE 2 Wireless Headphone, Supports Bluetooth, Dual Pairing, Deep Bass, up to 60h Battery Backup, AUX, Environmental Noise Cancellation, Gaming Mode, Now with Type C Charging (Red )",-55%,"₹2,199₹2,199",999,White,In Ear,,,,,,,,,,,,,,,,,,,,,,,,,,,,,,,,,,,,,,,,,,,,,,,,,,,,
"amazon basics True Wireless in-Ear Earbuds with Mic, Touch Control, IPX5 Water-Resistance, Bluetooth 5.3, Up to 36 Hours Play Time, Voice Assistance and Fast Charging (White)",,"₹1,799.00₹1,799.00",779,Black,Over Ear,,,,,,,,,,,,,,,,,,,,,,,,,,,,,,,,,,,,,,,,,,,,,,,,,,,,
"boAt Nirvana Eutopia Bluetooth Over Ear Headphones with Head Tracking Function, Spatial Audio,20 HRS Playtime, Enx™ Tech, ASAP™ Charge, Hearables App(Android & iOS Compatible)(Primia Black)",-60%,"₹7,490₹7,490","2,999.00",Black,Over Ear,,,,,,,,,,,,,,,,,,,,,,,,,,,,,,,,,,,,,,,,,,,,,,,,,,,,
"boAt Nirvana Eutopia Bluetooth Over Ear Headphones with Head Tracking Function, Spatial Audio,20 HRS Playtime, Enx™ Tech, ASAP™ Charge, Hearables App(Android & iOS Compatible)(Primia Black)",-60%,"₹7,490₹7,490","2,999.00",Black,Over Ear,,,,,96dB,,,,,,,,,,,,,,,,4.2 out of 5 stars,,,,,,,,,,,,,,,,,,,,,,,,,,47 Ohm,,,,,
Audio-Technica ATH-M30X On-Ear Stereo Headphone (Black),-46%,"₹12,862₹12,862","6,899.00",,,,"Headset, User Manual",China,290 g,,,,,,,,,,,,,,,,,,,,,,,,,21.5 x 10.5 x 21.5 cm; 290 g,,,,,,,,,,,,,,H590 Headset,,,,,,,,,1.0 Count
"Ant Esports H590 7.1 Surround Sound Gaming Headset, USB Wired Over-Ear Headphones with 50mm Drivers, Noise Cancelling Mic, Red LED, Soft Earmuffs, for PC, PS5, Xbox, Laptop",-67%,"₹2,999₹2,999",999,Black,Over Ear,,,,,,,,,,,,,,,,Show More,,,,,,,,,,,,,,,,,,,Cloud Alpha - Red,,,,,,,Show More,,,,,65 Ohm,,,,,
HyperX Cloud Alpha Over Ear Wired Headphones with Mic (Red),,"₹11,037.00₹11,037.00","10,829.00",Blue,Over Ear,,,,,,,,,,,,,,,,,,,,,,,,,,,,,,,,,,,,,,,,,,,,,,,32 Ohm,,,,,
"PHILIPS Audio TAH4209BL Bluetooth Headphones,Lightweight and Foldable Design, 32mm Neodynamic Drivers, 55H Playtime, USB Type-C Fast Charging, Built-in Mic for Smartphones, Laptop, Tablet (Blue)",-52%,"₹4,999₹4,999","2,399.00",WHITE,Over Ear,,,,,,,,,,,,,,,,,,,,,,,,,,,,,,,,,,,,,,,,,,,,,,,120 Ohm,,,,,
"VEHOP iMAX Wireless Bluetooth Over Ear Headphone, BT 5.3 with Low Latency Gaming, 12Hrs of PlayTime with Type-C Fast Charging, Comfortable Fit with 40mm Drivers, Aux, Micro Sd, Voice Assistant.(WHITE)",-82%,"₹4,999₹4,999",899,Black,On Ear,,,,,,,,,,,,,,,,,,,,,,,,,,,,,,,,,,,,,,,,,,,,,,,32 Ohm,,,,,
"Philips Audio TAA4216 On-Ear Sports Bluetooth Headphones with IP55 Dust/Water Protection, 35 Hours Play Time, Cooling & Washable Ear Cups, Quick Charge, 40 mm Drivers and Built-in Mic (Black)",-61%,"₹8,999₹8,999","3,499.00",,,,,,,,,,,,,,,,,,,,,,,,,,,,,,,,,,,,,,,,,,,,,,,,,,,,,,
OneAssist 1 Year Extended Warranty Plan for Headphones Between INR 1501-2000 (E-Mail Delivery),-50%,₹258₹258,129,Black,Over Ear,,,,,,,,,,,,,,,,,,,,,,,,,,,,,,,,,,,,,,,,,,›,,,,,32 Ohm,,,,,
"Cosmic Byte GS430 Gaming wired over ear Headphone, 7 Color RGB LED and Microphone",-47%,"₹1,499₹1,499",799,Mint Green,In Ear,,,,,,,,,,,,,,,,,,,,,,,,,v5.2,,,,,,,,,,,,,,,,,,,,,,,,,,,
"Noise Buds VS104 Truly Wireless Earbuds with 45H of Playtime, Quad Mic with ENC, Instacharge(10 Min=200 Min), 13Mm Driver, Low Latency, BT V5.2 (Mint Green)",-71%,"₹3,499₹3,499",999,"Black,",Over Ear,,,,,,,,,,,,,,,,,,,,,,,,,,,,,,,,,,,,,,,,,,,,,,,120 Ohm,,,,,
"Sennheiser HD 560S Open-Back Audiophile Over Ear Wired Headphones,Neutral Reference Sound,Angled Transducers,Wide Soundstage,Detachable Cable,Lightweight,Natural Sound for Gaming,2Y Warranty",-33%,"₹20,990₹20,990","13,990.00",Purple,Over Ear,,,,,,,,,,,,,,,,,,,,,,,,,,,,,,,,,,,,,,,,,,,,,,,,,,,,
"JBL Quantum 100M2 Wired Gaming Headphones, Supports Windows sonic spatial audio,40mm Realistic Dynamic Drivers, Omnidirectional Detachable Mic, Breathable Memory Foam cushions, PC/Xbox/PS/3.5mm-Purple",-33%,"₹4,499₹4,499","2,999.00",Graphite,Over Ear,,,,,,,,,,,,,,,,,,,,,,,,,,,,,,,,,,,,,,,,,,,,,,,,,,,,
"Logitech Zone Vibe 100 Lightweight Wireless Over-Ear Headphones with Noise-Cancelling Microphone, Advanced Multipoint Bluetooth Headset, Works with Teams, Google Meet, Zoom, Mac/PC - Graphite",-28%,"₹12,495₹12,495","8,995.00",Black,True Wireless,,,,,,,,,,,,,,,,,,,,,3.83.8 out of 5 stars,,,,,,,,,,,,,,,,,,,,,,,,,,,,,,,
"Sony WF-1000XM5 Active Noise Cancelling Wireless Bluetooth in Ear Earbuds with Mic, Up to 36 Hours Battery Life - Black",-26%,"₹29,990₹29,990","22,318.00",Surfer Silver,In Ear,,,,,,No Jack,,,,,,,,,,,,,,,,,,,,,,,,,,,,,,,,,,,,,,,,,,,,,,
"boAt Airdopes 141 Pro Buds, 13mm Drivers, Metallic Finish, 60HRS Battery, 4Mics ENx, Fast Charge, IPX5, v5.3 Bluetooth TWS in Ear Earbuds Wireless Earphones with mic (Surfer Silver)",-82%,₹899.00₹899.00,899,Black (WF-C510),True Wireless,,,,,,,,,,,,,,,,,,,,,,,,,,,,,,,,,,,,,,,,,,,,,,,1 Ohm,,,,,
"Sony WF-C510 Wireless Bluetooth Earbuds with Mic, TWS, in Ear, Ambient Sound Mode, Small and Comfortable, IPX4, Quick Charge, Multipoint Connectivity, Customized EQ, Up to 22 Hours Battery- Black",-53%,"₹4,220.00₹4,220.00","4,220.00",Green,Over Ear,,,,,,,,,,,,,,,,,,,,,,,,,,,,,,,,,,,,,,,,,,,,,,,,,,,,
"Srhythm NC25 Wireless Headphones Bluetooth 5.3,Lightweight Noise Cancelling Headset Over-Ear with Low Latency,Green",-30%,"₹9,999₹9,999","6,999.00",YELLOW,Over Ear,,,,,,,,,,,,,,,,,,,,,,,,,,,,,,,,,,,,,,,,,,,,,,,32 Ohm,,,,,
"EKSA E900 Pro Yellow Gaming Wired Over Ear Headphones with Virtual 7.1 Surround Sound, Noise Cancelling with Mic & Led, Compatible with PC, PS4, PS5, Xbox One (Yellow)",-26%,"₹4,990₹4,990","3,690.00",Black,Over Ear,,,,,,,,,,,,,,,,,,,,,,,,,,,,,,,,,,,HD 490 Pro,,,,,,,›,,,,,130 Ohm,,,,,
"SENNHEISER HD 490 PRO Open-Back Studio Over Ear Wired Headphones|Ultra-Wide 3D Soundstage|Neutral Reference Tuning|Interchangeable Ear Pads|Perfect for Mixing,Music Production,Editing&Recording,Black",-36%,"₹34,500₹34,500","21,990.00",Black,Cover,,,,,,,,,,,"➤ The Case shell is waterproof, dustproof and shockproof, protect your Headphones from splash of water, hits and dust. (Headphones & accessories are not included).",,,,"Boult Newly Launched Flex Over Ear Bluetooth Headphones, Boult Newly Launched Q Over Ear Bluetooth Headphones",,,,,,,,,,,,,,,,,,,,,,,,,,,,,,,,,,,,,
M.G.R.J® Portable Carrying Case Cover for Boult Newly Launched Q Over Ear Bluetooth Headphones || Boult Newly Launched Flex Over Ear Bluetooth Headphones (Hard|EVA|Black),-69%,₹999₹999,309,Black,,,,,,,,,,,,Faux Leather,,,,ATH M50X M50XBT M50RD M40X M30X M20X MSR7 M Series Headphones,,,,,,,,,,,,,,,,,,,,,,,,,,,Earpad Cushion,,,,,,,,,,
"Street27® Earpads Cushions Compatible with Audio Technica ATH M50X M50XBT M50RD M40X M30X M20X MSR7 M-Series Headphones, Earpads with Softer Protein Leather, High-Density Memory Foam Ear Pads",-80%,"₹1,499₹1,499",298,Black Buds,True Wireless,,,,,,,,,,,,,,,,,,,,,,,,,,,,,,,,,,,,,,,,,,,,,,,16 Ohm,,,,,
"JBL Wave Buds 2 Ear Buds Wireless BluetoothV5.3, Active Noise Cancellation EarBuds,Multi Connect, App for Customized Extra Bass Eq, Relax Mode,Speed Charge, 40H Playback, Fast Pair, 4 Mics,IP54(Black)",-59%,"₹6,999₹6,999","2,899.00",Ash grey,In Ear,,,,,,,,,,,,,,,,,,,,,,,,,,,,,,,,,,,,,,,,,,,,,,,,,,,,
"Boat Rockerz 235 Pro Wireless Bluetooth Neckband in Ear Earphone, Upto 20 hrs of Playtime, Beast Mode, Low Latency, IPX5 Water & Sweat Resistance, ENx Technology, Bluetooth v5.2(Ash Grey)",-68%,"₹2,490₹2,490",799,Black,On Ear,,,,,,,,,,,,,,,,›,,,,,,,,,,,,,,,,,,,,,,,,,,›,,,,›,24 Ohm,,,,,
Sony MDR-7506 Professional Wired On Ear Headphones (Best Compatible with Professional Cinema Line Camera) - Black,-6%,"₹4,086.52₹4,086.52","9,399.00",Blue,In Ear,,,,,,USB,,,,,,,,,,,,,,,,,,,,,,,,,,,,,,,,,,,,,,,,,,,,,,
"JBL Tune 305 in Ear Type C Wired Headphones, Hi-Res Audio with Digital-to-Analog Converter, 3-Button EQ Preset Remote with Microphone, Tangle-Free Flat Cable, Compatible with USB-C Devices (Blue)",-35%,"₹1,29,900.00₹1,29,900.00","1,299.00",Black,Over Ear,,,,,,,,,,,,,,,,,,,,,,,,,,,,,,,,,,,HD 200 Pro,,,,,,,,,,,,32 Ohm,,,,,
Sennheiser Professional Audio HD 200 PRO Wired Over Ear Headphones Without mic (Black),-40%,"₹6,800₹6,800","4,090.00",Army Green,Over Ear,,,,,,,,,,,,,,,,,,,,,,,,,,,,,,,,,,,,,,,,,,Rockerz,,,,,,,,,,
"boAt Rockerz 413 (2025 Launch), 60Hrs Battery, 40mm Drivers, Over Ear, Dual Pair, ENx Tech, Low Latency, Integrated Controls, Bluetooth Headphones, Wireless Headphone with Mic (Army Green)",-53%,"₹2,990₹2,990","1,399.00",Blue,On Ear,,,,,,,Rockerz,,,,,,,,,›,,,,,,,,,,,,,,,,,,,Bang Pro (Blue ),,,,,,,›,,,,,,,,,,
"ZEBRONICS Zeb-Bang PRO Bluetooth v5.0 On Ear Headphone, 30H Backup, Foldable Design, Call Function, Voice Assistant Feature, Built-in Rechargeable Battery, Type C Charging, 40mm Driver and AUX. (Blue)",-68%,"₹2,499₹2,499",799,"White,",On Ear,,,,,,,,,,,,,,,,,,,,,,,,,,,,,,,,,,,,,,,,,,,,,,,32 Ohm,,,,,
Razer BlackShark V2 X - White | Multi-Platform Wired Esports On Ear Headset - RZ04-03240700-R3M1,-46%,"₹7,999₹7,999","4,304.00","Black,",Open back,,,,,,,,,,,Acoustic Silk (Delicate mesh minimizes air turbulence),,,,,,,,,,,,,,,,,,,,,,,,,,,,,,,,,,,"12 – 40,500 Hz",300 Ohm,,,,,
"Sennheiser HD 650 Open‑Back Hi-Res Audiophile Headphones, Reference Grade Sound, Airy Design, Plush Ear Pads, Rich Bass, Detachable Cables, Lighweight, Comfort-Fit for Gaming, 2Y Warranty, Black",-40%,"₹49,990₹49,990","29,990.00",Cyberpunk,On Ear,,,,,,,,,,,,,,,,,,,,,,,,,,,,,,,,,,,,,,,,,,,,,,,,,,,,
"Adcom Cyberpunk Wireless Bluetooth On Ear Gaming Headphones with Mic, 50ms Low Latency, 40mm Drivers, Cyberpunk Led, ENC Detachable Mic, Skin Friendly Leather Earcups (Black)",-67%,"₹4,999₹4,999","1,670.00",Black,Over Ear,,,,,,,,,,,,,,,,,,,,,4.54.5 out of 5 stars,,,,,,,,,,,,,,,,,,,,,,,,,,,,,,,
"Audio-Technica ATH-M50xBT2 Bluetooth Wireless Over Ear Headphones with Dual mic, 45MM Large-Aperture Drivers, 50-Hour Battery Life, USB-C Fast Charging, Studio Sound, Dual Pairing- Black",-19%,"₹23,490₹23,490","18,989.00",Black,Over Ear,,,,,,,,,,,,,,,,,,,,,,,,,,,,,,,,,,,,,,,,,,,,,,,,,,,,
"(Refurbished) HAMMER Blaze Wired Over Ear Gaming Headphones with Mic, 50mm Drivers, Stereo 7.1 Sound, RGB Lights, Compatible with Windows, Xbox, Play Station, Gaming Headset with Adjustable Bands (Black)",-30%,"₹1,599₹1,599","1,119.00",Black,On Ear,,,,,,,,,,,,,,,,,,,,,,,,,,,,,,,,,,,,,,,,,,,,,,,32 Ohm,,,,,
Jabra Evolve 40 MS Wired,-52%,"₹18,784₹18,784","8,929.00",Black,In Ear,,,,,,,,,,,,,,,,,,,,,,,,,,,,,,,,,,,,,,,,,,,,,,,32 Ohm,,,,,
"PHILIPS Audio TAE1159BK/00 in-Ear Wired Earphones with C-Type Jack, 10mm Drivers, Inline Mic, Powerful Bass and Clear Sound, Tangle Free 1.2m Cable and 3 x Inter Changeable Ear Tips (Black)",-60%,₹999₹999,399,Black,Over Ear,,,,,,,,,,,,,,,,,,,,,4.34.3 out of 5 stars,,,,,,,,,,,,,,,,,,,,,,,,,,10 Ohm,,,,,
"Sonos Ace | Noise Cancelling Wireless Over-Ear Headphones with Bluetooth, 30-Hour Battery Life, Spatial Audio, Dolby Atmos, Dynamic Head Tracking - Black",,"₹34,990.00₹34,990.00","39,999.00",Black,Over Ear,,,,,,,,,,,,,,,,,,,,,,,,,,,,,,,,,,,,,,,,,,,,,,,,,,,,
"MAONO AU-MH501 Over-Ear Studio Monitoring Headphones for Recording Studio, Youtuber, Music Creation with 50mm Driver and Lightweight Foldable Design",-20%,"₹2,999₹2,999","2,399.00",Black,"Over Ear, On Ear",,,,,,,,,,,,,,,,,,,,,,,,,,,,,,,,,,,,,,,,,,,,,,,,,,,,
"PHILIPS Audio TAH6506BK/00 Slim & Lightweight Bluetooth Wireless Over Ear Headphones with Active Noise Cancellation, 30 Hrs Playtime & Multipoint Pairing with mic (Black)",-62%,"₹11,999₹11,999","4,521.00",Black,Over Ear,,,,,,3.5 mm Jack,,,,,,,,,,,,,,,,,,,,,,,,,,,,,,,,,,,,›,,,,,,,,,,
JBL (Renewed) Quantum 100 by Harman Wired Over Ear Headphone with Mic Black,-30%,"₹1,999₹1,999","1,399.00",Black,Over Ear,,,,,,,,,,,,,,,,,,,,,,,,,,,,,,,,,,,,,,,,,,,,,,,,,,,,
"Logitech G431 with 7.1 Surround Sound, DTS X 2.0, 50 mm Audio Drivers, USB and 3.5 mm Jack, Flip-to-Mute Mic Wired Over Ear Headphones with Mic for PC - Black",-50%,"₹7,995₹7,995","3,995.00",Black,Over Ear,,,,,,,,,,,,,,,,,,,,,3.93.9 out of 5 stars,,,,,,,,,,,,,,,,,,,,,,,,,,32 Ohm,,,,,
"Cosmic Byte Hades 2.4Ghz Wireless + Bluetooth Headphone, Dual Mode, 20ms Latency, 100Hrs Battery Life, 53mm Driver, ENC Microphone (Black)",-46%,"₹7,999₹7,999","4,299.00",Purple,Over Ear,,,,,,,,,,,4,,,,,,,,,,,,,,,,,,,,,,,,,,,,,,,,,,,,32 Ohm,,,,,
"iClever Girls Headphones, Kids Wireless Headphones with 74/85/94dB Volume Limited Over Ear, 40H Playtime, Bluetooth 5.0, Kids Headphones with Mic for School/Tablet/PC/Airplane, Purple",-37%,"₹3,999₹3,999","2,519.00",Black,On Ear,,,,,,,,,,,,,,,,,,,,,,,,,,,,,,,,,,,,,,,,,,Meta_MT500,,,,,2.2 Ohm,,,,,
"Metaind Wired USB Headphone META_MT500 with Noise-Cancelling Mic | Ideal for Teams, Zoom Calls & Call Center Use | Compatible with PC & Laptop",-60%,"₹5,999₹5,999","2,399.00",Black,True Wireless,,,,,,No Jack,,,,,,,,,,,,,,,,,,,,,,,,,,,,,,,,,,,,,,,,,,,,,,
"JBL Wave Flex 2 in-Ear Wireless Earbuds (TWS) with Mic,4 mics for Crisp & Clear Calls,40 Hours Battery,Ip54 Water&Dust Resistance,Multi-Point Connection (Black)",-50%,"₹5,999₹5,999","2,999.00",Black,In Ear,,,,,,Type C,,,,,,,,,,,,,,,,,,,,,,,,,,,,,,,,,,,,Beat 5 - TYPE C,,,,,,,,,,
"OOGE Beat 5 Wired in Ear Headphones with Mic & Magnetic Eartips, High Bass (PureTone), Type-C Jack, Inline Control, Premium Metallic Finish, Angled Buds for Comfort fit (Platinum)",-47%,₹599₹599,319,Black,Over Ear,,,,,,,,,,,,,,,,,,,,,,,,,,,,,,,,,,,,,,,,,,ASD07889,,,,,32 Ohm,,,,,
"Spigen Audio Newly Launched SA-HP P10 Wireless Over Ear Headphones with 60H Playtime, Upto 43dB Multi-Mode Adaptive ANC Pro, EQ Customizing App, 5-MIC, Gaming Mode, 40mm Driver - Black",-25%,"₹4,40,900.00₹4,40,900.00","4,409.00",Midnight Black,Over Ear,,,,,,,,,,,,,,,,,,,,,,,,,,,,,,,,,,,,,,,,,,AV900 ANC Version 2.0 - Black,,,,,32 Ohm,,,,,
KEJBYKEJ India'S 1St&Only Over ear Headphone Brand Created By A 3X Grammy Winning Artist Ricky Kej|Av900 Anc Version 2.0|Bluetooth V5.2|Usb-C|Midnight Black|20 Hours Playtime|Android Or Ios,-53%,"₹14,999₹14,999","6,999.00",White,On Ear,,,,,,,,,,,,,,,,,,,,,›,,,,,,,,,,,,,,Gaming-oriented,,,,,,,,,,,,32 Ohm,,,,,
Razer Barracuda X Chroma - Wireless Multi-Platform Gaming and Mobile Headset - White Edition RZ04-05220200-R3M1 (BIS R-41190896) (ETA-SD-20241111222),-36%,"₹21,999₹21,999","13,999.00",White,On Ear,,,,,,,,,,,,,,,,,,,,,›,,,,,,,,,,,,,,Gaming-oriented,,,,,,,,,,,,32 Ohm,,,,,
Razer Barracuda X Chroma - Wireless Multi-Platform Gaming and Mobile Headset - White Edition RZ04-05220200-R3M1 (BIS R-41190896) (ETA-SD-20241111222),-36%,"₹21,999₹21,999","13,999.00",Lavender,On Ear,,,,,,,,,,,,,,,,,,,,,,,,,,,,,,,,,,,,,,,,,,,,,,,,,,,,
"HyperX Cloud Mini Gaming Headset, 3.5mm Wired Connection, 30mm Sound Drivers, Lightweight, Over-Ear, Flip-to-Mute mic, Xbox-Licensed, Memory Foam, Recomm for Ages 8-12, Lavender, 130g, 7G8F5AA",-25%,"₹3,497₹3,497","2,619.00",Green,Over Ear,,,,,,,,,,,,,,,,,,,,,,,,,,,,,,,,,,,,,,,,,,,,,,,,,,,,
"AULA S505 USB Wired Gaming in Ear Headphones with Mic for PC | RGB Rainbow Backlit Gaming Headphone,Virtual 7.1 Surround Sound,50mm Driver,Soft Memory Earmuffs | Wired Laptop Desktop Headset (Green)",-59%,"₹3,999₹3,999","1,628.00",Black,On Ear,,,,,,,,,,,,,,,,,,,,,,,,,,,,,,,,,,,,,,,,,,,,,,,32 Ohm,,,,,
"Jabra Evolve 20 Stereo Headset with noice canceling mic, Connect to Mobile/Tablet via USB-C/A, Lightweight Headband",-51%,"₹8,681₹8,681","4,239.00",Black,Case,,,,,,,,,,,,,,,Headphones,,,,,,,,,,,,,,,,,,,,,,,,,,,,,,,,,,,,,
M.G.R.J® Portable Carrying Case Cover for Boat Rockerz 660/650 / New Launch Rockerz 650 Pro/New Launch Rockerz 551 ANC Pro / 551ANC / 558/560 / 550 Wireless Headphone (Hard|EVA|Black),-65%,₹999₹999,349,Black,Over Ear,,,,,,,,,,,,,,,,›,,,,,,,,,,,,,,,,,,,,,,,,,,,,,,,32.5 Ohm,,,,,
"HyperX Cloud Stinger 2 Core Gaming Headset for PlayStation-Black (6H9B6Aa),Over Ear,Wired",-35%,"₹3,999₹3,999","2,599.00",Red,Over Ear,,,,,,,,,,,,,,,,,,,,,,,,,,,,,,,,,,,Cloud II,,,,,,,,,,,,,,,,,
"HyperX Cloud II – Wired Gaming Headset for PC, PS5 / PS4. Active Noise Cancellation, Over Ear, circumaural, Closed Back, Virtual 7.1 Surround Sound - Black-Red (4P5M0AA)",-61%,"₹12,987₹12,987","5,001.00",Black,Over Ear,,,,,,,,,,,,,,,,,,,,,,,,,,,,,,,,,,,Kraken V4 X,,,,,,,,,,,,32 Ohm,,,,,
"Razer Kraken V4 X Wired Gaming Headset: 40 mm Drivers - Cardioid Mic - Memory Foam Cushions - Chroma RGB Lighting - Type C & Type A Cable - for PC, Mac, PS5, Nintendo Switch, Steam Deck, Smartphone",-57%,"₹13,999₹13,999","6,065.00",White,Over Ear,,,,,,,,,,,,,,,,,,,,,,,,,,,,,,,,,,,,,,,,,,,,,,,32 Ohm,,,,,
"PHILIPS Audio TAH4209WT Bluetooth Headphone with Lightweight and Foldable Design, 32mm Neodynamic Drivers, 55H Playtime, USB Type-C Fast Charging, Built-in Mic for Smartphone, Laptop, Tablet (White)",-52%,"₹4,999₹4,999","2,393.00",Black,Over Ear,,,,,,,,,,,,,,,,,,,,,,,,,,,,,,,,,,,,,,,,,,,,,,,,,,,,
"OOGE Echo 200 Wireless Bluetooth Headphones (Beige), 30H Playtime, 800H Standby Time, RGB Light, 250mAh Battery, Bluetooth 5.3, 10m Range, 1-Year Warranty",-44%,"₹1,38,900.00₹1,38,900.00","1,389.00",Pink,In Ear,,,,,,,,,,,,,,,,,,,,,,,,,,,,,,,,,,,,,,,,,,,,,,,16 Ohm,,,,,
"soundcore A30I, Noise Cancelling in Ear Earbuds,Stylish Design, Lightweight Comfort, Clear Sound Super Clear and Powerful Bass, 24H Playtime, Ip54, Fast Charge 10Min=120 Min,Bluetooth 5.4-Pink",-70%,"₹4,998₹4,998","1,499.00",Black,On Ear,,,,,,,,,,,,,,,,,,,,,,,,,,,,,,,,,,,,,,,,,,,,,,,,,,,,
"Audio-Technica USB Headset with 30mm Drivers, Condenser Mic, USB-A/Type-C Connectivity – 20–20,000 Hz Headphone Response, 16-Bit/48 kHz, Compatible with Windows & macOS",-51%,"₹5,085₹5,085","2,490.00",Blue,On Ear,,,,,,,,,,,Kid-Proof Material,,,,,,,,,,"【All-Day Comfort】: Comfort is paramount to the experience of the iClever kids headphones which are enriched by Memory foam ear cushions, soft and breathable material that makes listening that much better. To fine-tune your fit, you can adjust the headband to your preference so you can listen for hours without strain.",,,,,,,,,,,,,,,,,,,,,,,,,,32 Ohm,,,,,
"iClever Bluetooth Headphones with Mic, LED Lights, Kids Wireless Headphones for Boys, Children Headset On Ear for School/Tablet/PC, 35H Playtime, Stereo Sound, Bluetooth 5.4, Foldable, Blue",-40%,"₹3,999₹3,999","2,399.00",Black,Over Ear,,,,,,,,,,,,,,,,,,,,,,,,,,,,,,,,,,,,,,,,,,,,,,,,,,,,
"OOGE Echo 100 Wireless Bluetooth Headphones (Black), 30H Playtime, 800H Standby Time, 250mAh Battery, Bluetooth 5.3, 10m Range, 1-Year Warranty",-57%,"₹1,06,800.00₹1,06,800.00","1,068.00",Black,On Ear,,,,,,,,,,,,,,,,,,,,,,,,,,,,,,,,,,,,,,,,,,,,,,,140 Ohm,,,,,
"Voods Heads Active, On-Ear Headphones, 120H Playtime, Foldable Design, SD Card Support, 40mm Drivers, V5.3 Bluetooth Headphone, Dual Pairing, Headphones Bluetooth Wireless, IPX5 Rating (Black)",-81%,"₹5,549₹5,549","1,049.00",Multicolor,Over Ear,,,,,,,,,,,,,,,,,,,,,,,,,,,,,,,,,,,,,,,,,,,,,,,,,,,,
Drumstone 𝟏𝟓 𝐘𝐄𝐀𝐑𝐒 𝐖𝐀𝐑𝐑𝐀𝐍𝐓𝐘 Wireless Bluetooth Headphone Crystal Clear Sound & Good Bass Support FM and SD Card Slot with Music and Calling Control,-60%,"₹2,999₹2,999","1,199.00",Blue,,,,,,,,,,,,Faux Leather,,,,T500Bt-T450,,,,,,,,,,,,,,"🎧Easy to Replace: Just align the mat with the mounting post in the headset and it will snap into place, easily snap into place",,,,,,,,,,,,,T500BT-T450-Blue,,,,,,,,,,
"SYGA Replacement Ear Pads Compatible with JBL Tune 500BT / T500BT / T450BT Wireless Headphones, 1 Pair Replacement Earpads Headphones Replacement Headset Ear Cup Cushions - Blue",-43%,₹699₹699,399,Black,Neckband,,,,,,,,,,,,,,,,,,,,,,,,,,,,,,,,,,,,,,,,,,Black,,,,,140 Ohm,,,,,
"DUDAO U5B Wireless Bluetooth Neckband | Deep Bass, Noise Reduction, Fast Charging | 20 Hours Playtime, Lightweight Design with Mic & in-Line Controls – Black",-80%,"₹2,999₹2,999",599,,,,,,,,,,,,,,,,,,,,,,,,,,,,,,,,,,,,,,,,,,,,,,,,,,,,,,
OneAssist 2 Years Extended Warranty Plan for Headphones Between INR 3001-4000 (E-Mail Delivery),-56%,"₹1,099₹1,099",489,Black,Over Ear,,,,,"120° Rotatable Mic: This feature makes the user move the mic upwards and downwards at 120° angle. So they can set it aside when there is no need for a mic, Like while listening to music.",,,,,,,,,,,,,,,,,,,,,,,,,,,,,,,,,,,,,,,,,,,,,,,
"Match USB Over Ear Headphone with Mic in Line Controls for Desktop, Laptop, Gaming, Skype, Online Meetings",-50%,"₹1,999₹1,999",999,Brown,On Ear,,,,,,,,,,,,,,,,,,,,,"✅ IP65 Water-Resistant Headphones: Engineered for durability, these IP65-rated Bluetooth headphones are resistant to sweat, splashes, and dust-ideal for gym workouts, outdoor runs, and rough weather conditions.",,,,,,,,,,,,,,,,,,,,,,,,,,140 Ohm,,,,,
"Voods Heads Pro, On Ear Wireless Headphones,120 HRS Battery, 40mm Drivers, Dual Pairing, Padded Ear Cushions, V5.3 Bluetooth Headphones, Voice Assistant, IP65 Water Resistance (Brown)",-78%,"₹5,849₹5,849","1,296.00",White,On Ear,,,,,,,,,,,,,,,,,,,,,"₹1,329.00₹1,329.00",,,,,,,,,,,,,,,,,,,,,,,,,,32 Ohm,,,,,
Lenovo 110 Wired On Ear Headphones with Mic (White),-47%,"₹5,251₹5,251","2,799.00",Matte black,On Ear,,,,,,,,,,,,,,,,,,,,,,,,,,,,,,,,,,,,,,,,,,,,,,,140 Ohm,,,,,
"EKSA Headset with Microphone for Laptop, Noise Cancelling Computer Headset, Lightweight Mute Control Wired Headphones, Clear Chat, Ultra Comfort Business Headset for Call Center",-35%,"₹3,690₹3,690","2,390.00",Black,Over Ear,,,,,,,,,,,,,,,,,,,,,"Low Latency for Smooth Streaming - The audio-technica ATH-S220BT wireless headset comes with a low latency mode that reduces delay for smoother video playback and gaming—perfect for watching Netflix, YouTube, or TikTok without lip-sync issues.",,,,,,,,,,,,,,,,,,,,,,,,,,32 Ohm,,,,,
"Audio-Technica ATH-S220BT Bluetooth Wireless Headphones with Mic | 60H Battery, Over-Ear Headset for Mobile & PC | Fast Charging Bluetooth Earphones with Wired Option",-5%,"₹5,983₹5,983","5,684.00",Black,Over Ear,,,,,,,,,,,,,,,,,,,,,"Low Latency for Smooth Streaming - The audio-technica ATH-S220BT wireless headset comes with a low latency mode that reduces delay for smoother video playback and gaming—perfect for watching Netflix, YouTube, or TikTok without lip-sync issues.",,,,,,,,,,,,,,,,,,,,,,,,,,32 Ohm,,,,,
"Audio-Technica ATH-S220BT Bluetooth Wireless Headphones with Mic | 60H Battery, Over-Ear Headset for Mobile & PC | Fast Charging Bluetooth Earphones with Wired Option",-5%,"₹5,983₹5,983","5,684.00",Grey,Over Ear,,,,,,,,,,,,,,,,,,,,,,,,,,,,,,,,,,,,,,,,,,IFBT-1638-GY,,,,,32 Ohm,,,,,
iFAST Foldable Wireless Stereo Headphone | 24 Hours Music & Calls| Dual Mode (Wired & Wireless) Gaming Headset with Adjustable Headband [ Grey ],-56%,"₹4,999₹4,999","2,199.00",Black,On Ear,,,,,10±3dB,,,,,,,,,,,,,,,,,,,,,,,,,,,,,,,,,,,,,,,,2M,20Hz-20KHz,16 Ohm,,,,,
"CLAW GH40 Wired RGB Gaming Headset with 50mm Drivers, Noise-Isolating Microphone, 3.5mm Audio Jack, 2m Braided Cable | Compatible with PC, PS4, PS5, Xbox, Laptops & Mobile Devices",-40%,"₹2,490₹2,490","1,490.00",Black,Cover,,,,,,,,,,,,,,,Headphones,,,,,,,,,,,,,,,,,,,,,,,,,,,,,,,,,,,,,
"M.G.R.J® Portable Carrying Case Cover for Jabra Evolve 20 MS, UC, SE / 40 UC, MS / Evolve2 30 SE, 30 UC, 30 II, 50, 55, 65 Flex, 65 TE, 65UC / Biz 1100, Biz 1500 Wired Headphones (Black)",-55%,₹999₹999,449,Black,Over Ear,,,,,,,,,,,,,,,,,,,,,,,,,,,,,,,,,,,,,,,,,,3.73.7 out of 5 stars,,,,,32 Ohm,,,,,
"BigPassport USB Wired Over Ear Headphones with Mic with Noise-Cancelling for Pc, Laptop, Computer, Model- Pro-Tech 630 (Black)",-69%,"₹3,250₹3,250",999,Black,,,,,,,,,,,,Faux Leather,,,,Sony WH-XB700 Headphones,,,,,,,,,,,,,,,,,,,,,,,,,,,,,,,,,,,,,
Crysendo Headphone Cushion for Son-y WH-XB700 Headphones | Replacement Ear Cushion Foam Cover Ear Pads Soft Cushion | Protein Leather & Memory Foam (Not for XB450),-65%,₹299.50₹299.50,599,Multicolor,,,,,,,,,,,,"Plastic, Silicone",,,,,,,,,,,,,,,,,,140L x 3W Centimeters,,,,,,Modern,,,,,,,,,,,,,,,,,
"J'TTON Spiral Metallic Color (2 Pcs) 1.2 Meters Each-Full Size Cable Cord Charger Protector Winder for iPhone & Android USB Charging Cables, Earphones, Lightning Cable (Multicolor)",-87%,₹64.50₹64.50,129,,,,User Manual,China,210 g,,,,,,,,,,,,,,,,,,,,,,,,,18.1 x 7.2 x 16.9 cm; 210 g,,,,,,,,,,,,,,H15,,,,,,,,,1 Count
EKSA H15 Professional Wired Headphones with mic Computer Headset with Microphone for pc Black,-60%,"₹3,990₹3,990","1,599.00",Swan Design,Case,,,,,,,,,,,,,,,Headphones,,,,,,,,,,,,,,,,,,,,,,,,,,,,,,,,,,,,,
GadgetBite Headphone Carrying EVA Case Earpads Storage Bag Headphone Pouch Portable Anti-Pressure Compatible with Boat 550/Sony WH C510/Flix X1/Sony CH710n/Hyperx Cloud Cases (SWAN Design),-71%,"₹1,649₹1,649",475,,,,"Cable, Headset, User Manual",China,210 g,,,,,,,,,,,,,,,,,,,,,,,,,18 x 6.8 x 20 cm; 210 g,,,,,,,,,,,,,,H12,,,,,,,,,1 Count
"Eksa H12 Wired Over Ear Headphones with Mic Pc Computer, Wired 3.5Mm Connection, in-Line Control for Volume, Noise Cancelling for Mobile, Laptop, Pc, Business Calls and Call Centre with Clear Chat",-41%,"₹2,699₹2,699","1,590.00",Black,Over Ear,,,,,,,,,,,,,,,,›,,,,,,,,,,,,,,,,,,,,,,,,,,,,,,,32.5 Ohm,,,,,
"HyperX Cloud Stinger 2 Core Gaming Headset for PlayStation-Black (6H9B6Aa),Over Ear,Wired",-35%,"₹3,999₹3,999","2,599.00",Black,On Ear,,,,,,,,,,,,,,,,,,,,,45+ Hours,,,,,,,,,,,,,,,,,,,,,,,,,,32 Ohm,Integrated,,,,
JLab Go Work Wireless On Ear Headsets with Microphone - 45+ Playtime PC Bluetooth Headset and Multipoint Connect to Laptop Computer and Mobile - Wired or Wireless Headphones with Microphone,-41%,"₹7,799₹7,799","4,599.00",H530 Black/Red,Over Ear,,,,,,,,,,,,,,,,,,,,,,,,,,,,,,,,,,,,,,,,,,,,,,,,,,,,
"Ant Esports H530 Multi-Platform Pro RGB Gaming Headsetfor PC / PS4 / PS5 / Xbox One / Switch1 with mic, Black Red",-72%,"₹2,999₹2,999",849,Black,In Ear,,,,,,,,,,,,,,,,,,,,,,,,,,,,,,,,,,,"Crystal clear calls: Equipped with an HD microphone, our earphones ensure your calls are as stylish as they are clear, allowing you to play/pause music or answer/end calls with one-click ease.",,,,,,,What is Cash/Pay on Delivery?,,,,,32 Ohm,,,,,
"Xiaomi Wired in-Ear Earphones with Mic, Ultra Deep Bass & Metal Sound Chamber (Black)",-17%,₹599₹599,499,,,,,,,,,,,,,,,,,,,,,,,,,,,,,,,,,,,,,,,,,,,,,,,,,,,,,,
OneAssist 2 Years Extended Warranty Plan for Headphones Between INR 2001-3000 (E-Mail Delivery),-56%,₹789₹789,349,Blue,In Ear,,,,,,,,,,,,,,,,,,,,,,,,,5.3,,,,,,,,,,,,,,,,,,,,,,,,,,,
"boAt Rockerz 111, 40HRS Battery, Dual Device Pairing, ENx Tech, Low Latency Mode, Fast Charging, BTv5.3, IPX5, Type-C Interface, Bluetooth in Ear Neckband, Wireless with Mic Earphones (Deep Blue)",-64%,"₹2,490₹2,490",899,Black,,,,,100 Grams,,,,,,,"Acrylonitrile Butadiene Styrene (ABS), Aluminium",,,,,,,,,,,,,,,,,,,,,,,,,,,,,,,,,,,,,,,,,
"OIVO INDIA Headphone Stand Headset Holder with Aluminum Supporting Bar Flexible Headrest ABS Solid Base for All Headphones Size (No Headphones, Only Stand)",-70%,₹999₹999,299,Black,,,,,0.07 Kilograms,,,,,,,Plastic,,,"Headphones, Gaming Accessories",,,,,,,,,,,,,headband,"Strong plastic, secure raised tip, various sizes, unique edge mounting panel, smooth curves wont damage headphones",,,,,,,Modern,,,,,,,,,,,,,,,,,
"Brainwavz Plastic Cradle Large-2PK-Headphone Stand Holder,Universal Hanger for Sennheiser,Sony,Bose,Beats,AKG,Audio-Technica,Gaming Controller,Cables,Gamepad&Other Gaming Accessories Hook",-65%,₹349.50₹349.50,699,Black,Popgrip,,,,,,,,,,,,,,,"Headphones, Smartphones",,,,,,,,,,,,,,,,,,,,,,,,,,,All Phones,,,,,,,,,,
"Gift Kya De GKD Headphone Stand for Desk Wooden Headphone Holder for Gamers Music Lovers, Portable Desk Organizer with Mobile Phone Stand Compatible with All Headphones Size (Black ecofriendly)",-60%,₹85.57₹85.57,599,White,Over Ear,,,,,,3.5 mm Jack,,,,,,,,,,,,,,,,,,,,,,,,,,,,,,,,,,,,,,,,,,,,,,
"HyperX Cloud Mini – Wireless Headset,Compatible with PC,Chromebook,Nintendo Switch,PlayStation Controllers,Xbox Controllers,Phones, Laptops,Tablets,Volume Below 85dB,Immersive Sound,White",-58%,"₹5,447₹5,447","2,268.00",Red,In Ear,,,,,,,,,,,,,,,,,,,,,,,,,,,,,,,,,,,,,,,,,,,,,,,,,,,,
"ZEBRONICS Zeb-Buds C2 in Ear Type C Wired Earphones with Mic, Braided 1.2 Metre Cable, Metallic Design, 10mm Drivers, in Line Mic & Volume Controller (Red)",-57%,₹699₹699,299,,,,,,,,,,,,,,,,,,,,,,,,,,,,,,,,,,,,,,,,,,,,,,,,,,,,,,
OneAssist 2 Years Extended Warranty Plan for Headphones Between INR 500-1000 (E-Mail Delivery),-56%,₹339₹339,149,Charcoal Black,In Ear,,,,,,,,,,,,,,,,,,,,,,,,,,,,,,,,,,,,,,,,,,,,,,,16 Ohm,,,,,
boAt Bassheads 102 in Ear Wired Earphones with Mic(Charcoal Black),-69%,"₹1,290₹1,290",399,Purple,Over Ear,,,,,,,,,,,,,,,,,,,,,,,,,,,,,,,,,,,,,,,,,,,,,,,,,,,,
"EKSA E900 Gaming Headset for Xbox - PC Headset Wired Gaming Headphones with Noise Canceling Mic, Over Ear Headphones Compatible with PS4, Xbox One, Nintendo Switch, PC, Mac, Laptop（PURPLE)",,"₹4,261.00₹4,261.00","2,999.00",Rose Gold,Over Ear,,,,,,,,,,,,,,,,,,,,,"Multipoint Connection: Lets your Klikk Rock On 101 Bluetooth headphones connect to two devices at the same time, making it easy to seamlessly switch between devices to listen to music or take phone calls.",,,,,,,,,,,,,,,,,,,,,,,,,,64 Ohm,,,,,
"Klikk Rock On 101 Bluetooth Wireless Over Ear Headphones with Mic, 30 Hours Playback, Aux & Sd Card, Voice Assistant Support with Foldable & Rotatable Compact Design (Rose Gold)",-67%,"₹5,999₹5,999","1,984.00",Blue,In Ear,,,,,,,,,,,,,,,,,,,,,,,,,,,,,,,,,,,,,,,,,,,,,,,16 Ohm,,,,,
"Honeywell Moxie V50 Wired Earphones with Built in Mic, 10mm*2 Drivers, Passive Noise Cancellation, Deep Bass & Clear Sound, Ultra HD Mic Quality, 3.5mm AUX, Voice Assistant Enabled, 1.2 Mtr",-50%,₹899₹899,449,Black,On Ear,,,,,,,,,,,,,,,,,,,,,₹699.00₹699.00,,,,,,,,,,,,,,2023 Version (USB-C & USB-A),,,,,,,,,,,,32 Ohm,,,,,
"Poly (Plantronics) Blackwire 3220 Stereo Headset, On Ear w/Noise-canceling mic, 118g, Connect to Mobile/Tablet via USB-C/A, Lightweight Metal Headband, Dynamic EQ, Hi-Fi Stereo, Black, 9P7X8AA",-40%,"₹6,447₹6,447","3,899.00",Black,Over Ear,,,,,,3.5 mm Jack,,,,,,,,,,,,,,,,,,,,,,,,,,,,,,,,,,,,,,,,,,,,,,
"Lenovo H210 Wired Gaming Headset with mic, 50mm Audio Drivers, 3.5mm Jack, Noise-canceling Microphone, Memory Foam Cushioning, Compatible for PC, Xbox One, PS 5, Nintendo Switch, Black, GXD1P46880",-63%,"₹7,490₹7,490","2,771.00",Sea Green,Over Ear,,,,,Superior Sound Quality: Magnify every speck of sound with superior sound quality on Zeb-Thunder wireless headphone,,,,,,,,,,,,,,,,,,,,,,,,,,,,,,,,,,,,,,,,,,32 Ohm,,,,,
"ZEBRONICS Thunder Bluetooth 5.3 Wireless Over Ear Headphones with 60H Backup, Gaming Mode, Dual Pairing, Enc, Aux, Micro Sd, Voice Assistant, Comfortable Earcups, Call Function (Sea Green)",-29%,"₹1,399₹1,399",999,Black,In Ear,,,,,,,,,,,,,,,,,,,,,,,,,,,,,,,,,,,,,,,,,,,,,,,4 Ohm,,,,,
"Portronics Harmonics Z11 Bluetooth Wireless in Ear Earphones with Upto 35 Hours Playback & Magnetic Earbuds(ON/Off), 10mm Dynamic Driver, High Bass, HD Mic, Redial Button, Type C Fast Charging(Black)",-72%,"₹2,499₹2,499",699,Black,True Wireless,,,,,,,,,,,,,,,,,,,,,,,,,,,,,,,,,,,Wave Beam 2,,,,,,,,,,,,16 Ohm,,,,,
"JBL Wave Beam 2 Ear Buds Wireless BluetoothV5.3, Active Noise Cancellation Earbuds,Multi Connect, App for Customized Extra Bass Eq, Relax Mode,Speed Charge, 40H Playback, Fast Pair,4 Mics,IP54(Black)",-47%,"₹7,499₹7,499","3,999.00",black,Over Ear,,,,,,,,,,,,,,,,,,,,,,,,,,,,,,,,,,,,,,,,,,,,,,,,,,,,
Marshall Monitor II A.N.C Diamond Jubilee,-23%,"₹29,999₹29,999","22,999.00",Black,Over Ear,,,,,,,,,,,,,,,,,,,,,,,,,,,,,,,,,,,,,,,,,,BattleKiller Black,,,,,32 Ohm,,,,,
"PunnkFunnk BattleKiller Gaming Headset Multi-Platform Compatible with PS4, Xbox One, PC, Nintendo Switch, Mobile, 50mm Surround Sound, Noise-Canceling Mic, LED Lights(Black)",-83%,"₹4,999₹4,999",855,Black,,,,,0.11 Kilograms,,,,,,,"Glass, Polycarbonate",,,"Bed, Desk",,,,,,,,,,,,,noise cancelling,,,,,,,,Modern Gaming,,,,,,,,,,,,,,,,,
"Brainwavz The Colossus - Gamepad Controller & Headphone Hanger Holder - Designed for Xbox ONE, PS4, PS3, Dualshock, Switch, PC, Steelseries, Steam & More, Black",-55%,"₹1,999₹1,999",899,Black,In Ear,,,,,,,,,,,,,,,,,,,,,,,,,,,,,,,,,,,,,,,,,,,,,,,,,,,,
boAt Bassheads 104 in Ear Wired Earphones(Black),-55%,₹999₹999,449,Black,Open-Ear,,,,,,,,,,,,,,,,,,,,,,,,,,,,,,,,,,,,,,,,,,,,,,,8 Ohm,,,,,
"SHOKZ OpenRun Pro 2 Mini Bone Conduction Sport Headphones, Open-Ear Wireless Earphones with Bluetooth 5.3, Noise Cancelling Mics, IP55 Waterproof, 12h Playtime for Running, USB-C Quick Charge (Black)",-30%,"₹25,799₹25,799","17,999.00",Black,True Wireless,,,,,,,,,,,,,,,,,,,,,,,,,,,,,,,,,,,,,,,,,,,,,,,16 Ohm,,,,,
"JLab Go Air Pop True Wireless Ear Buds Small Size - TWS Earbuds, Bluetooth Earphones with 32H Playtime, IPX4 Mini in Ear Headphones, USB Charging Case, Dual Connect, EQ3 Sound, Black",-45%,"₹3,249₹3,249","1,799.00",White,On Ear,,,,,,,,,,,,,,,,,,,,,4.1,,,,,,,,,,,,,,,,,,,,,Zone 300,,,,,,,,,,
"Logitech Zone 300 Wireless Bluetooth On Ear Headset with Noise-Cancelling Microphone, Compatible with Windows, Mac, Chrome, Linux, iOS, Ipados, Android – White",-13%,"₹8,390₹8,390","7,270.00",Black,In Ear,,,,,,,Zone 300,,,,,,,,,,,,,,,,,,,,,,,,,,,,WE01 - Wired Earphones,,,,,,,,,,,,,,,,,
"amazon basics in-Ear Wired Earphones with 9 mm Dual Drivers, in-Line Mic, Powerful Bass, Noise Isolation, 3.5 mm Audio Jack (Black and Red)",-73%,₹599₹599,164,Black,On Ear,,,,,,,,,,,,,,,,,,,,,"₹1,329.00₹1,329.00",,,30+ ft.,5.3,,,,,,,,,,,,,,,,,,,,,,,,,,,
"JLab Go Work Pop On-Ear Wireless Headset, Black, 50+ Hours Playtime, Bluetooth Multipoint, Rotating Boom Mic, Noise Canceling MEMS Microphone, Light-Weight and Portable, for PC/Mac or Mobile",-30%,"₹4,999₹4,999","3,499.00",Blue,In Ear,,,,,,,,,,,,,,,,,,,,,,,,,,,,,,,,,,,,,,,,,,,,,,,,,,,,
Sony MDR-EX14AP Wired in Ear Headphone with Mic (Blue),-54%,"₹1,299₹1,299",599,Black,On Ear,,,,,,,,,,,,,,,,,,,,,,,,,,,,,,,,,,,,,,,,,,,,,,,,,,,,
JLab Studio Bluetooth Wireless On-Ear Headphones | 30+ Hour Bluetooth 5 Playtime | EQ3 Sound | Ultra-Plush Faux Leather & Cloud Foam Cushions | Track and Volume Controls | Black,-45%,"₹5,500₹5,500","2,999.00",Blue,,,"Headset x1, User Manual x 1, Software Download Link x 1",China,350 g,Frequency Range: 15Hz - 20KHz,,,,,,,,,,,,,,,,,,,,,,,,18 x 13 x 13 cm; 350 g,,,,,,"G2050 microphone is made of a flexible, jelly-like material that allows you to twist and bend as per your preference and requirement.",,,,,,,,G2050 Blue,,7.1 Surround Shifter,Microphone: 6.0 x 5.0mm,Cable Length: 2.1M ± 0.15,,,,,1.00 count
"Cosmic Byte G2050 RGB 7.1 Surround Sound USB Gaming Headphone for PS5, PC with Software and Gel Microphone (Blue)",-42%,"₹2,599₹2,599","1,499.00",black,On Ear,,,,,,,,,,,,,,,,,,,,,,,,,,,,,,,,,,,HD 25 Lights with 2 sided Cable,,,,,,,,,,,,70 Ohm,,,,,
"SENNHEISER HD 25 Light Closed-Back On-Ear Monitoring Headphones | Lightweight Split Headband | Dynamic Drivers | Dual-Sided Detachable Cable | Ideal for Studio Monitoring, Live Recording & Broadcast",-52%,"₹14,600₹14,600","6,990.00",Black,On Ear,,,,,,,,,,,,,,,,,,,,,,,,,,,,,,,,,,,,,,,,,,,,,,,,,,,,
Jabra Evolve2 65 Link380a MS Bluetooth Wireless On Ear Headphone with Mic (Black),-17%,"₹34,401₹34,401","28,489.00",Black,Over Ear,,,,,4. Frequency range: 20Hz-20KHz,,,,,,,,,,,,,,,,,,,,,,,,,,,,,,,,,,,,,,,,,,32 Ohm,,,,,
"EKSA E900Pro Gaming Wired Over Ear Headphones with Virtual 7.1 Surround Sound, Noise Cancelling with Mic & Led, Compatible with PC, PS4, PS5, Xbox One",-34%,₹18.23₹18.23,"3,280.00",Black,In Ear,,,,,,,,,,,,,,,,,,,,,,,,,,,,,,,,,,,60 Hours,,,,,,,,,,,,,,,,,
"amazon basics True Wireless in-Ear Earbuds with Mic, Low-Latency Gaming Mode, Touch Control, IPX5 Water-Resistance, Bluetooth 5.3, Up to 60 Hours Play Time, Voice Assistance and Fast Charging (Black)",-76%,"₹2,499₹2,499",599,Black,In Ear,,,,,,,,,,,,,,,,,,,,,4.54.5 out of 5 stars,,,,,,,,,,,,,,,,,,,,,,,,,,3 Ohm,,,,,
"Huawei FreeBuds SE 2, 40-Hour Battery Life, Compact and Comfortable to Grip, 3 Hours of Music Playback on a 10-Minute Charge, IP54 Dust & Splash Resistance, Robust Bluetooth 5.3 Connections",-33%,"₹1,49,950.00₹1,49,950.00","2,999.00",,,,,,,,,,,,,,,,,,,,,,,,,,,,,,,,,,,,,,,,,,,,,,,,,,,,,,
